section_id,topic_id,question_id,question,producer_kind,aspect_id,kind,requirement_text,execution_path,required_fields,coverage_rules,complete_set_rule,evidence_requirement_ids,evidence_kinds,source_policy_ref,time_scope,display_tier,content_role,missing_policy,blocking_policy,applicability_policy,impact_scope,output_destination,derived_from,derived_from_scope,business_review_status,business_review_reason,transmission_layers,transmission_channel,v1_question,v1_required_aspects,change_type,business_reason,v1_mapped_aspects,independent_meaning,researchability_reason,coverage_reason,search_audit_reason,evidence_authority_reason,writing_spec_ownership,writing_spec_reason
company,company_identity,company_subject_match,核对输入企业名称、材料内主体、股票代码与公开企业信息是否一致,topic_harness,company_subject_match.name_consistency,fact_set,输入企业名称与材料主体一致,topic_harness,企业名称,required_fields_complete | minimum_sources | direct_support,,er_comp_subject,field,source_policy_v1,CURRENT_AS_OF_WITH_24M_CHANGES,required_body,paragraph,transfer_human,JOB_BLOCKED,,subject,body,,,CONFIRMED,"CONFIRMED：由 v1 维度「输入企业名称与材料主体一致性」固化，以 fact_set 形态独立研究，覆盖 ['required_fields_complete', 'minimum_sources', 'direct_support']，证据 ['er_comp_subject']（['company_industry', 'external', 'structured_db']），主槽位 co-h1；可独立核验，无需额外业务裁决",,,核对输入企业名称、材料内主体、股票代码与公开企业信息是否一致,输入企业名称与材料主体一致性 | 股票代码 | 经营状态,unchanged,v1 required_aspects 固化为稳定 aspect_id，无语义变更（不拆分）。,输入企业名称与材料主体一致性,输入企业名称与材料主体一致,以 fact_set 形态独立研究，required_fields=['企业名称']，可独立核验/成缺口,"覆盖规则 ['required_fields_complete', 'minimum_sources', 'direct_support']（producer_kind=topic_harness，集合锚点 无）",不保留 search_audit：普通正向事实或财务/派生/synth，不机械要求检索审计,"证据 ['er_comp_subject']：evidence_kind=['field']，source_classes=['company_industry', 'external', 'structured_db']，minimum_sources=[1]",primary:co-h1,主槽位落在 co-h1（公司 H2 正文），与 producer_kind=topic_harness 目标 Writer 章节一致
company,company_identity,company_subject_match,核对输入企业名称、材料内主体、股票代码与公开企业信息是否一致,topic_harness,company_subject_match.stock_code,fact_set,股票代码,topic_harness,股票代码,required_fields_complete | minimum_sources | direct_support,,er_comp_subject,field,source_policy_v1,CURRENT_AS_OF_WITH_24M_CHANGES,required_body,paragraph,transfer_human,JOB_BLOCKED,,subject,body,,,CONFIRMED,"CONFIRMED：由 v1 维度「股票代码」固化，以 fact_set 形态独立研究，覆盖 ['required_fields_complete', 'minimum_sources', 'direct_support']，证据 ['er_comp_subject']（['company_industry', 'external', 'structured_db']），主槽位 co-h1；可独立核验，无需额外业务裁决",,,核对输入企业名称、材料内主体、股票代码与公开企业信息是否一致,输入企业名称与材料主体一致性 | 股票代码 | 经营状态,unchanged,v1 required_aspects 固化为稳定 aspect_id，无语义变更（不拆分）。,股票代码,股票代码,以 fact_set 形态独立研究，required_fields=['股票代码']，可独立核验/成缺口,"覆盖规则 ['required_fields_complete', 'minimum_sources', 'direct_support']（producer_kind=topic_harness，集合锚点 无）",不保留 search_audit：普通正向事实或财务/派生/synth，不机械要求检索审计,"证据 ['er_comp_subject']：evidence_kind=['field']，source_classes=['company_industry', 'external', 'structured_db']，minimum_sources=[1]",primary:co-h1,主槽位落在 co-h1（公司 H2 正文），与 producer_kind=topic_harness 目标 Writer 章节一致
company,company_identity,company_subject_match,核对输入企业名称、材料内主体、股票代码与公开企业信息是否一致,topic_harness,company_subject_match.operating_status,fact_set,经营状态（存续/注销/吊销等）,topic_harness,经营状态,required_fields_complete | minimum_sources | direct_support,,er_comp_subject,field,source_policy_v1,CURRENT_AS_OF_WITH_24M_CHANGES,required_body,paragraph,transfer_human,JOB_BLOCKED,,subject,body,,,CONFIRMED,"CONFIRMED：由 v1 维度「经营状态」固化，以 fact_set 形态独立研究，覆盖 ['required_fields_complete', 'minimum_sources', 'direct_support']，证据 ['er_comp_subject']（['company_industry', 'external', 'structured_db']），主槽位 co-h1；可独立核验，无需额外业务裁决",,,核对输入企业名称、材料内主体、股票代码与公开企业信息是否一致,输入企业名称与材料主体一致性 | 股票代码 | 经营状态,unchanged,v1 required_aspects 固化为稳定 aspect_id，无语义变更（不拆分）。,经营状态,经营状态（存续/注销/吊销等）,以 fact_set 形态独立研究，required_fields=['经营状态']，可独立核验/成缺口,"覆盖规则 ['required_fields_complete', 'minimum_sources', 'direct_support']（producer_kind=topic_harness，集合锚点 无）",不保留 search_audit：普通正向事实或财务/派生/synth，不机械要求检索审计,"证据 ['er_comp_subject']：evidence_kind=['field']，source_classes=['company_industry', 'external', 'structured_db']，minimum_sources=[1]",primary:co-h1,主槽位落在 co-h1（公司 H2 正文），与 producer_kind=topic_harness 目标 Writer 章节一致
company,company_identity,company_identity_basic,成立日期、办公地址、法定代表人、注册资本、实缴资本和经营范围,topic_harness,company_identity_basic.founded_date,fact_set,成立日期,topic_harness,成立日期,required_fields_complete | minimum_sources | direct_support,,er_comp_basic,field,source_policy_v1,SINCE_INCEPTION_MILESTONES,required_body,paragraph,write_not_found,NONE,,,body,,,CONFIRMED,"CONFIRMED：由 v1 维度「成立日期」固化，以 fact_set 形态独立研究，覆盖 ['required_fields_complete', 'minimum_sources', 'direct_support']，证据 ['er_comp_basic']（['company_industry']），主槽位 co-h1；可独立核验，无需额外业务裁决",,,成立日期、办公地址、法定代表人、注册资本、实缴资本和经营范围,成立日期 | 办公地址 | 法定代表人 | 注册资本 | 实缴资本 | 经营范围,unchanged,v1 required_aspects 固化为稳定 aspect_id，无语义变更（不拆分）。,成立日期,成立日期,以 fact_set 形态独立研究，required_fields=['成立日期']，可独立核验/成缺口,"覆盖规则 ['required_fields_complete', 'minimum_sources', 'direct_support']（producer_kind=topic_harness，集合锚点 无）",不保留 search_audit：普通正向事实或财务/派生/synth，不机械要求检索审计,证据 ['er_comp_basic']：evidence_kind=['field']，source_classes=['company_industry']，minimum_sources=[1],primary:co-h1,主槽位落在 co-h1（公司 H2 正文），与 producer_kind=topic_harness 目标 Writer 章节一致
company,company_identity,company_identity_basic,成立日期、办公地址、法定代表人、注册资本、实缴资本和经营范围,topic_harness,company_identity_basic.registered_address,fact_set,办公地址,topic_harness,办公地址,required_fields_complete | minimum_sources | direct_support,,er_comp_basic,field,source_policy_v1,CURRENT_AS_OF_WITH_24M_CHANGES,required_body,paragraph,write_not_found,NONE,,,body,,,CONFIRMED,"CONFIRMED：由 v1 维度「办公地址」固化，以 fact_set 形态独立研究，覆盖 ['required_fields_complete', 'minimum_sources', 'direct_support']，证据 ['er_comp_basic']（['company_industry']），主槽位 co-h1；可独立核验，无需额外业务裁决",,,成立日期、办公地址、法定代表人、注册资本、实缴资本和经营范围,成立日期 | 办公地址 | 法定代表人 | 注册资本 | 实缴资本 | 经营范围,unchanged,v1 required_aspects 固化为稳定 aspect_id，无语义变更（不拆分）。,办公地址,办公地址,以 fact_set 形态独立研究，required_fields=['办公地址']，可独立核验/成缺口,"覆盖规则 ['required_fields_complete', 'minimum_sources', 'direct_support']（producer_kind=topic_harness，集合锚点 无）",不保留 search_audit：普通正向事实或财务/派生/synth，不机械要求检索审计,证据 ['er_comp_basic']：evidence_kind=['field']，source_classes=['company_industry']，minimum_sources=[1],primary:co-h1,主槽位落在 co-h1（公司 H2 正文），与 producer_kind=topic_harness 目标 Writer 章节一致
company,company_identity,company_identity_basic,成立日期、办公地址、法定代表人、注册资本、实缴资本和经营范围,topic_harness,company_identity_basic.legal_rep,fact_set,法定代表人,topic_harness,法定代表人,required_fields_complete | minimum_sources | direct_support,,er_comp_basic,field,source_policy_v1,CURRENT_AS_OF_WITH_24M_CHANGES,required_body,paragraph,write_not_found,NONE,,,body,,,CONFIRMED,"CONFIRMED：由 v1 维度「法定代表人」固化，以 fact_set 形态独立研究，覆盖 ['required_fields_complete', 'minimum_sources', 'direct_support']，证据 ['er_comp_basic']（['company_industry']），主槽位 co-h1；可独立核验，无需额外业务裁决",,,成立日期、办公地址、法定代表人、注册资本、实缴资本和经营范围,成立日期 | 办公地址 | 法定代表人 | 注册资本 | 实缴资本 | 经营范围,unchanged,v1 required_aspects 固化为稳定 aspect_id，无语义变更（不拆分）。,法定代表人,法定代表人,以 fact_set 形态独立研究，required_fields=['法定代表人']，可独立核验/成缺口,"覆盖规则 ['required_fields_complete', 'minimum_sources', 'direct_support']（producer_kind=topic_harness，集合锚点 无）",不保留 search_audit：普通正向事实或财务/派生/synth，不机械要求检索审计,证据 ['er_comp_basic']：evidence_kind=['field']，source_classes=['company_industry']，minimum_sources=[1],primary:co-h1,主槽位落在 co-h1（公司 H2 正文），与 producer_kind=topic_harness 目标 Writer 章节一致
company,company_identity,company_identity_basic,成立日期、办公地址、法定代表人、注册资本、实缴资本和经营范围,topic_harness,company_identity_basic.registered_capital,fact_set,注册资本,topic_harness,注册资本,required_fields_complete | minimum_sources | direct_support,,er_comp_basic,field,source_policy_v1,CURRENT_AS_OF_WITH_24M_CHANGES,required_body,paragraph,write_not_found,NONE,,,body,,,CONFIRMED,"CONFIRMED：由 v1 维度「注册资本」固化，以 fact_set 形态独立研究，覆盖 ['required_fields_complete', 'minimum_sources', 'direct_support']，证据 ['er_comp_basic']（['company_industry']），主槽位 co-h1；可独立核验，无需额外业务裁决",,,成立日期、办公地址、法定代表人、注册资本、实缴资本和经营范围,成立日期 | 办公地址 | 法定代表人 | 注册资本 | 实缴资本 | 经营范围,unchanged,v1 required_aspects 固化为稳定 aspect_id，无语义变更（不拆分）。,注册资本,注册资本,以 fact_set 形态独立研究，required_fields=['注册资本']，可独立核验/成缺口,"覆盖规则 ['required_fields_complete', 'minimum_sources', 'direct_support']（producer_kind=topic_harness，集合锚点 无）",不保留 search_audit：普通正向事实或财务/派生/synth，不机械要求检索审计,证据 ['er_comp_basic']：evidence_kind=['field']，source_classes=['company_industry']，minimum_sources=[1],primary:co-h1,主槽位落在 co-h1（公司 H2 正文），与 producer_kind=topic_harness 目标 Writer 章节一致
company,company_identity,company_identity_basic,成立日期、办公地址、法定代表人、注册资本、实缴资本和经营范围,topic_harness,company_identity_basic.paid_in_capital,fact_set,实缴资本,topic_harness,实缴资本,required_fields_complete | minimum_sources | direct_support,,er_comp_basic,field,source_policy_v1,CURRENT_AS_OF_WITH_24M_CHANGES,required_body,paragraph,write_not_found,NONE,,,body,,,CONFIRMED,"CONFIRMED：由 v1 维度「实缴资本」固化，以 fact_set 形态独立研究，覆盖 ['required_fields_complete', 'minimum_sources', 'direct_support']，证据 ['er_comp_basic']（['company_industry']），主槽位 co-h1；可独立核验，无需额外业务裁决",,,成立日期、办公地址、法定代表人、注册资本、实缴资本和经营范围,成立日期 | 办公地址 | 法定代表人 | 注册资本 | 实缴资本 | 经营范围,unchanged,v1 required_aspects 固化为稳定 aspect_id，无语义变更（不拆分）。,实缴资本,实缴资本,以 fact_set 形态独立研究，required_fields=['实缴资本']，可独立核验/成缺口,"覆盖规则 ['required_fields_complete', 'minimum_sources', 'direct_support']（producer_kind=topic_harness，集合锚点 无）",不保留 search_audit：普通正向事实或财务/派生/synth，不机械要求检索审计,证据 ['er_comp_basic']：evidence_kind=['field']，source_classes=['company_industry']，minimum_sources=[1],primary:co-h1,主槽位落在 co-h1（公司 H2 正文），与 producer_kind=topic_harness 目标 Writer 章节一致
company,company_identity,company_identity_basic,成立日期、办公地址、法定代表人、注册资本、实缴资本和经营范围,topic_harness,company_identity_basic.business_scope,fact_set,经营范围,topic_harness,经营范围,required_fields_complete | minimum_sources | direct_support,,er_comp_basic,field,source_policy_v1,CURRENT_AS_OF_WITH_24M_CHANGES,required_body,paragraph,write_not_found,NONE,,,body,,,CONFIRMED,"CONFIRMED：由 v1 维度「经营范围」固化，以 fact_set 形态独立研究，覆盖 ['required_fields_complete', 'minimum_sources', 'direct_support']，证据 ['er_comp_basic']（['company_industry']），主槽位 co-h1；可独立核验，无需额外业务裁决",,,成立日期、办公地址、法定代表人、注册资本、实缴资本和经营范围,成立日期 | 办公地址 | 法定代表人 | 注册资本 | 实缴资本 | 经营范围,unchanged,v1 required_aspects 固化为稳定 aspect_id，无语义变更（不拆分）。,经营范围,经营范围,以 fact_set 形态独立研究，required_fields=['经营范围']，可独立核验/成缺口,"覆盖规则 ['required_fields_complete', 'minimum_sources', 'direct_support']（producer_kind=topic_harness，集合锚点 无）",不保留 search_audit：普通正向事实或财务/派生/synth，不机械要求检索审计,证据 ['er_comp_basic']：evidence_kind=['field']，source_classes=['company_industry']，minimum_sources=[1],primary:co-h1,主槽位落在 co-h1（公司 H2 正文），与 producer_kind=topic_harness 目标 Writer 章节一致
company,company_identity,company_identity_history,历史沿革：重大改革、股权变更、法定代表人变更、上市及重大募资事项,topic_harness,company_identity_history.reforms_equity_changes,fact_set,重大改革与股权变更,topic_harness,改革或股权变更事件 | 日期,required_fields_complete | minimum_sources | direct_support,以权威披露的重大节点为集合锚点，不写流水账,er_comp_history,paragraph,source_policy_v1,SINCE_INCEPTION_MILESTONES,required_body,paragraph,write_not_found,NONE,,,body,,,CONFIRMED,"CONFIRMED：由 v1 维度「重大改革与股权变更」固化，以 fact_set 形态独立研究，覆盖 ['required_fields_complete', 'minimum_sources', 'direct_support']，证据 ['er_comp_history']（['company_industry']），主槽位 co-h1；可独立核验，无需额外业务裁决",,,历史沿革：重大改革、股权变更、法定代表人变更、上市及重大募资事项,重大改革与股权变更 | 法定代表人变更 | 上市及重大募资事项,unchanged,v1 required_aspects 固化为稳定 aspect_id，无语义变更（不拆分）。,重大改革与股权变更,重大改革与股权变更,"以 fact_set 形态独立研究，required_fields=['改革或股权变更事件', '日期']，可独立核验/成缺口","覆盖规则 ['required_fields_complete', 'minimum_sources', 'direct_support']（producer_kind=topic_harness，集合锚点 以权威披露的重大节点为集合锚点，不写流水账）",不保留 search_audit：普通正向事实或财务/派生/synth，不机械要求检索审计,证据 ['er_comp_history']：evidence_kind=['paragraph']，source_classes=['company_industry']，minimum_sources=[1],primary:co-h1,主槽位落在 co-h1（公司 H2 正文），与 producer_kind=topic_harness 目标 Writer 章节一致
company,company_identity,company_identity_history,历史沿革：重大改革、股权变更、法定代表人变更、上市及重大募资事项,topic_harness,company_identity_history.legal_rep_changes,fact_set,法定代表人变更,topic_harness,法定代表人变更事件 | 日期,required_fields_complete | minimum_sources | direct_support,以权威披露的重大节点为集合锚点,er_comp_history,paragraph,source_policy_v1,SINCE_INCEPTION_MILESTONES,required_body,paragraph,write_not_found,NONE,,,body,,,CONFIRMED,"CONFIRMED：由 v1 维度「法定代表人变更」固化，以 fact_set 形态独立研究，覆盖 ['required_fields_complete', 'minimum_sources', 'direct_support']，证据 ['er_comp_history']（['company_industry']），主槽位 co-h1；可独立核验，无需额外业务裁决",,,历史沿革：重大改革、股权变更、法定代表人变更、上市及重大募资事项,重大改革与股权变更 | 法定代表人变更 | 上市及重大募资事项,unchanged,v1 required_aspects 固化为稳定 aspect_id，无语义变更（不拆分）。,法定代表人变更,法定代表人变更,"以 fact_set 形态独立研究，required_fields=['法定代表人变更事件', '日期']，可独立核验/成缺口","覆盖规则 ['required_fields_complete', 'minimum_sources', 'direct_support']（producer_kind=topic_harness，集合锚点 以权威披露的重大节点为集合锚点）",不保留 search_audit：普通正向事实或财务/派生/synth，不机械要求检索审计,证据 ['er_comp_history']：evidence_kind=['paragraph']，source_classes=['company_industry']，minimum_sources=[1],primary:co-h1,主槽位落在 co-h1（公司 H2 正文），与 producer_kind=topic_harness 目标 Writer 章节一致
company,company_identity,company_identity_history,历史沿革：重大改革、股权变更、法定代表人变更、上市及重大募资事项,topic_harness,company_identity_history.listing_fundraising,fact_set,上市及重大募资事项,topic_harness,上市或募资事件 | 日期,required_fields_complete | minimum_sources | direct_support,以权威披露的重大节点为集合锚点,er_comp_history,paragraph,source_policy_v1,SINCE_INCEPTION_MILESTONES,required_body,paragraph,write_not_found,NONE,,,body,,,CONFIRMED,"CONFIRMED：由 v1 维度「上市及重大募资事项」固化，以 fact_set 形态独立研究，覆盖 ['required_fields_complete', 'minimum_sources', 'direct_support']，证据 ['er_comp_history']（['company_industry']），主槽位 co-h1；可独立核验，无需额外业务裁决",,,历史沿革：重大改革、股权变更、法定代表人变更、上市及重大募资事项,重大改革与股权变更 | 法定代表人变更 | 上市及重大募资事项,unchanged,v1 required_aspects 固化为稳定 aspect_id，无语义变更（不拆分）。,上市及重大募资事项,上市及重大募资事项,"以 fact_set 形态独立研究，required_fields=['上市或募资事件', '日期']，可独立核验/成缺口","覆盖规则 ['required_fields_complete', 'minimum_sources', 'direct_support']（producer_kind=topic_harness，集合锚点 以权威披露的重大节点为集合锚点）",不保留 search_audit：普通正向事实或财务/派生/synth，不机械要求检索审计,证据 ['er_comp_history']：evidence_kind=['paragraph']，source_classes=['company_industry']，minimum_sources=[1],primary:co-h1,主槽位落在 co-h1（公司 H2 正文），与 producer_kind=topic_harness 目标 Writer 章节一致
company,company_control,company_control_chain,控股股东、实际控制人、持股比例与控制链条,topic_harness,company_control_chain.controlling_shareholder,fact_set,控股股东,topic_harness,控股股东,required_fields_complete | minimum_sources | direct_support | applicability,,er_control_chain,field,source_policy_v1,CURRENT_AS_OF_WITH_24M_CHANGES,required_body,paragraph,transfer_human,REPORT_BLOCKED,valid_no_controller,subject,body,,,CONFIRMED,"CONFIRMED：由 v1 维度「控股股东」固化，以 fact_set 形态独立研究，覆盖 ['required_fields_complete', 'minimum_sources', 'direct_support', 'applicability']，证据 ['er_control_chain']（['company_industry', 'external', 'structured_db']），主槽位 co-h2；可独立核验，无需额外业务裁决",,,控股股东、实际控制人及控制链条（含可视化关系图）；合法无实际控制人为 SATISFIED，无法确认时 REPORT_BLOCKED,控股股东 | 实际控制人 | 持股比例与控制链条,applicability_refined,v1 required_aspects 保留，新增/细化 applicability_policy ['valid_no_controller']，把合法不适用/无实际控制人等分支显式化为终态，非事实缺失。,控股股东,控股股东,以 fact_set 形态独立研究，required_fields=['控股股东']，可独立核验/成缺口,"覆盖规则 ['required_fields_complete', 'minimum_sources', 'direct_support', 'applicability']（producer_kind=topic_harness，集合锚点 无）",不保留 search_audit：普通正向事实或财务/派生/synth，不机械要求检索审计,"证据 ['er_control_chain']：evidence_kind=['field']，source_classes=['company_industry', 'external', 'structured_db']，minimum_sources=[1]",primary:co-h2,主槽位落在 co-h2（公司 H2 正文），与 producer_kind=topic_harness 目标 Writer 章节一致
company,company_control,company_control_chain,控股股东、实际控制人、持股比例与控制链条,topic_harness,company_control_chain.actual_controller,fact_set,实际控制人,topic_harness,实际控制人,required_fields_complete | minimum_sources | direct_support | applicability,,er_control_chain,field,source_policy_v1,CURRENT_AS_OF_WITH_24M_CHANGES,required_body,paragraph,transfer_human,REPORT_BLOCKED,valid_no_controller,subject,body,,,CONFIRMED,"CONFIRMED：由 v1 维度「实际控制人」固化，以 fact_set 形态独立研究，覆盖 ['required_fields_complete', 'minimum_sources', 'direct_support', 'applicability']，证据 ['er_control_chain']（['company_industry', 'external', 'structured_db']），主槽位 co-h2；可独立核验，无需额外业务裁决",,,控股股东、实际控制人及控制链条（含可视化关系图）；合法无实际控制人为 SATISFIED，无法确认时 REPORT_BLOCKED,控股股东 | 实际控制人 | 持股比例与控制链条,applicability_refined,v1 required_aspects 保留，新增/细化 applicability_policy ['valid_no_controller']，把合法不适用/无实际控制人等分支显式化为终态，非事实缺失。,实际控制人,实际控制人,以 fact_set 形态独立研究，required_fields=['实际控制人']，可独立核验/成缺口,"覆盖规则 ['required_fields_complete', 'minimum_sources', 'direct_support', 'applicability']（producer_kind=topic_harness，集合锚点 无）",不保留 search_audit：普通正向事实或财务/派生/synth，不机械要求检索审计,"证据 ['er_control_chain']：evidence_kind=['field']，source_classes=['company_industry', 'external', 'structured_db']，minimum_sources=[1]",primary:co-h2,主槽位落在 co-h2（公司 H2 正文），与 producer_kind=topic_harness 目标 Writer 章节一致
company,company_control,company_control_chain,控股股东、实际控制人、持股比例与控制链条,topic_harness,company_control_chain.shareholding_chain,fact_set,持股比例与控制链条,topic_harness,持股比例 | 控制链条,required_fields_complete | minimum_sources | direct_support,,er_control_chain,field,source_policy_v1,CURRENT_AS_OF_WITH_24M_CHANGES,required_body,paragraph_and_table,transfer_human,REPORT_BLOCKED,,subject,body,,,CONFIRMED,"CONFIRMED：由 v1 维度「持股比例与控制链条」固化，以 fact_set 形态独立研究，覆盖 ['required_fields_complete', 'minimum_sources', 'direct_support']，证据 ['er_control_chain']（['company_industry', 'external', 'structured_db']），主槽位 co-h2；可独立核验，无需额外业务裁决",,,控股股东、实际控制人及控制链条（含可视化关系图）；合法无实际控制人为 SATISFIED，无法确认时 REPORT_BLOCKED,控股股东 | 实际控制人 | 持股比例与控制链条,applicability_refined,v1 required_aspects 保留，新增/细化 applicability_policy ['valid_no_controller']，把合法不适用/无实际控制人等分支显式化为终态，非事实缺失。,持股比例与控制链条,持股比例与控制链条,"以 fact_set 形态独立研究，required_fields=['持股比例', '控制链条']，可独立核验/成缺口","覆盖规则 ['required_fields_complete', 'minimum_sources', 'direct_support']（producer_kind=topic_harness，集合锚点 无）",不保留 search_audit：普通正向事实或财务/派生/synth，不机械要求检索审计,"证据 ['er_control_chain']：evidence_kind=['field']，source_classes=['company_industry', 'external', 'structured_db']，minimum_sources=[1]",primary:co-h2,主槽位落在 co-h2（公司 H2 正文），与 producer_kind=topic_harness 目标 Writer 章节一致
company,company_subsidiaries,company_subsidiaries,主要子公司、集团结构、重要关联方,topic_harness,company_subsidiaries.major_subsidiaries,all_disclosed_items,权威材料明确列示的主要/重要子公司，及对收入/资产/产能/现金流/信用风险有重大影响的主体,topic_harness,子公司名称 | 持股比例 | 主要业务,set_complete | required_fields_complete | minimum_sources | direct_support | search_audit,以权威披露的『主要/重要子公司』表题/表头/清单为集合锚点；完整合并范围可保留审计不全部写入正文,er_subsidiaries,paragraph,source_policy_v1,CURRENT_AS_OF_WITH_24M_CHANGES,required_body,paragraph_and_table,write_not_found,NONE,,,body,,,CONFIRMED,"CONFIRMED：由 v1 维度「主要子公司」固化，以 all_disclosed_items 形态独立研究，覆盖 ['set_complete', 'required_fields_complete', 'minimum_sources', 'direct_support', 'search_audit']，证据 ['er_subsidiaries']（['company_industry']），主槽位 co-h3；可独立核验，无需额外业务裁决",,,主要子公司、集团结构与重要关联方,主要子公司 | 集团结构 | 重要关联方,unchanged,v1 required_aspects 固化为稳定 aspect_id，无语义变更（不拆分）。,主要子公司,权威材料明确列示的主要/重要子公司，及对收入/资产/产能/现金流/信用风险有重大影响的主体,"以 all_disclosed_items 形态独立研究，required_fields=['子公司名称', '持股比例', '主要业务']，可独立核验/成缺口","覆盖规则 ['set_complete', 'required_fields_complete', 'minimum_sources', 'direct_support', 'search_audit']（producer_kind=topic_harness，集合锚点 以权威披露的『主要/重要子公司』表题/表头/清单为集合锚点；完整合并范围可保留审计不全部写入正文）",保留 search_audit：负面核验/not_found/集合完整性/外部时效需记录检索范围与截止日期,证据 ['er_subsidiaries']：evidence_kind=['paragraph']，source_classes=['company_industry']，minimum_sources=[1],primary:co-h3,主槽位落在 co-h3（公司 H2 正文），与 producer_kind=topic_harness 目标 Writer 章节一致
company,company_subsidiaries,company_subsidiaries,主要子公司、集团结构、重要关联方,topic_harness,company_subsidiaries.group_structure,fact_set,集团结构,topic_harness,集团结构,required_fields_complete | minimum_sources | direct_support,,er_subsidiaries,paragraph,source_policy_v1,CURRENT_AS_OF_WITH_24M_CHANGES,required_body,paragraph,write_not_found,NONE,,,body,,,CONFIRMED,"CONFIRMED：由 v1 维度「集团结构」固化，以 fact_set 形态独立研究，覆盖 ['required_fields_complete', 'minimum_sources', 'direct_support']，证据 ['er_subsidiaries']（['company_industry']），主槽位 co-h3；可独立核验，无需额外业务裁决",,,主要子公司、集团结构与重要关联方,主要子公司 | 集团结构 | 重要关联方,unchanged,v1 required_aspects 固化为稳定 aspect_id，无语义变更（不拆分）。,集团结构,集团结构,以 fact_set 形态独立研究，required_fields=['集团结构']，可独立核验/成缺口,"覆盖规则 ['required_fields_complete', 'minimum_sources', 'direct_support']（producer_kind=topic_harness，集合锚点 无）",不保留 search_audit：普通正向事实或财务/派生/synth，不机械要求检索审计,证据 ['er_subsidiaries']：evidence_kind=['paragraph']，source_classes=['company_industry']，minimum_sources=[1],primary:co-h3,主槽位落在 co-h3（公司 H2 正文），与 producer_kind=topic_harness 目标 Writer 章节一致
company,company_subsidiaries,company_subsidiaries,主要子公司、集团结构、重要关联方,topic_harness,company_subsidiaries.related_parties,fact_set,重要关联方,topic_harness,重要关联方,required_fields_complete | minimum_sources | direct_support,,er_subsidiaries,paragraph,source_policy_v1,CURRENT_AS_OF_WITH_24M_CHANGES,required_body,paragraph,write_not_found,NONE,,,body,,,CONFIRMED,"CONFIRMED：由 v1 维度「重要关联方」固化，以 fact_set 形态独立研究，覆盖 ['required_fields_complete', 'minimum_sources', 'direct_support']，证据 ['er_subsidiaries']（['company_industry']），主槽位 co-h3；可独立核验，无需额外业务裁决",,,主要子公司、集团结构与重要关联方,主要子公司 | 集团结构 | 重要关联方,unchanged,v1 required_aspects 固化为稳定 aspect_id，无语义变更（不拆分）。,重要关联方,重要关联方,以 fact_set 形态独立研究，required_fields=['重要关联方']，可独立核验/成缺口,"覆盖规则 ['required_fields_complete', 'minimum_sources', 'direct_support']（producer_kind=topic_harness，集合锚点 无）",不保留 search_audit：普通正向事实或财务/派生/synth，不机械要求检索审计,证据 ['er_subsidiaries']：evidence_kind=['paragraph']，source_classes=['company_industry']，minimum_sources=[1],primary:co-h3,主槽位落在 co-h3（公司 H2 正文），与 producer_kind=topic_harness 目标 Writer 章节一致
company,company_business,company_business_main,主营业务构成、产品与方案、应用场景、收入成本毛利构成、产业链位置、报告期与口径,topic_harness,company_business_main.main_business,all_disclosed_items,主营业务构成（分板块/分部）,topic_harness,业务板块 | 收入 | 收入占比,set_complete | required_fields_complete | minimum_sources | direct_support | search_audit,以权威披露的分业务/分产品收入表题/表头/合计行为集合锚点,er_business,field,source_policy_v1,THREE_YEARS_PLUS_LATEST,required_body,paragraph_and_table,write_not_found,SECTION_BLOCKED,,key_financial,body,,,CONFIRMED,"CONFIRMED：由 v1 维度「主营业务构成」固化，以 all_disclosed_items 形态独立研究，覆盖 ['set_complete', 'required_fields_complete', 'minimum_sources', 'direct_support', 'search_audit']，证据 ['er_business']（['company_industry', 'structured_db']），主槽位 co-h4；可独立核验，无需额外业务裁决",,,主营业务、收入/成本/毛利构成与产业链位置；主营业务完全无法确认时阻断章节,主营业务构成 | 各业务收入及收入占比 | 各业务成本与毛利构成 | 产业链位置 | 对应报告期与口径,split,v1 的 5 个 required_aspects 拆为 7 个独立 required_body aspect（主营业务构成→3、各业务收入及收入占比→1、各业务成本与毛利构成→1、产业链位置→1、对应报告期与口径→1），各自可独立研究/核验/成缺口。,主营业务构成,主营业务构成（分板块/分部）,"以 all_disclosed_items 形态独立研究，required_fields=['业务板块', '收入', '收入占比']，可独立核验/成缺口","覆盖规则 ['set_complete', 'required_fields_complete', 'minimum_sources', 'direct_support', 'search_audit']（producer_kind=topic_harness，集合锚点 以权威披露的分业务/分产品收入表题/表头/合计行为集合锚点）",保留 search_audit：负面核验/not_found/集合完整性/外部时效需记录检索范围与截止日期,"证据 ['er_business']：evidence_kind=['field']，source_classes=['company_industry', 'structured_db']，minimum_sources=[1]",primary:co-h4,主槽位落在 co-h4（公司 H2 正文），与 producer_kind=topic_harness 目标 Writer 章节一致
company,company_business,company_business_main,主营业务构成、产品与方案、应用场景、收入成本毛利构成、产业链位置、报告期与口径,topic_harness,company_business_main.products_solutions,fact_set,产品与方案,topic_harness,产品与方案,required_fields_complete | minimum_sources | direct_support,,er_business,field,source_policy_v1,THREE_YEARS_PLUS_LATEST,required_body,paragraph,write_not_found,NONE,,,body,,,CONFIRMED,"CONFIRMED：由 v1 维度「主营业务构成」固化，以 fact_set 形态独立研究，覆盖 ['required_fields_complete', 'minimum_sources', 'direct_support']，证据 ['er_business']（['company_industry', 'structured_db']），主槽位 co-h4；可独立核验，无需额外业务裁决",,,主营业务、收入/成本/毛利构成与产业链位置；主营业务完全无法确认时阻断章节,主营业务构成 | 各业务收入及收入占比 | 各业务成本与毛利构成 | 产业链位置 | 对应报告期与口径,split,v1 的 5 个 required_aspects 拆为 7 个独立 required_body aspect（主营业务构成→3、各业务收入及收入占比→1、各业务成本与毛利构成→1、产业链位置→1、对应报告期与口径→1），各自可独立研究/核验/成缺口。,主营业务构成,产品与方案,以 fact_set 形态独立研究，required_fields=['产品与方案']，可独立核验/成缺口,"覆盖规则 ['required_fields_complete', 'minimum_sources', 'direct_support']（producer_kind=topic_harness，集合锚点 无）",不保留 search_audit：普通正向事实或财务/派生/synth，不机械要求检索审计,"证据 ['er_business']：evidence_kind=['field']，source_classes=['company_industry', 'structured_db']，minimum_sources=[1]",primary:co-h4,主槽位落在 co-h4（公司 H2 正文），与 producer_kind=topic_harness 目标 Writer 章节一致
company,company_business,company_business_main,主营业务构成、产品与方案、应用场景、收入成本毛利构成、产业链位置、报告期与口径,topic_harness,company_business_main.app_scenarios,fact_set,应用场景,topic_harness,应用场景,required_fields_complete | minimum_sources | direct_support,,er_business,field,source_policy_v1,THREE_YEARS_PLUS_LATEST,required_body,paragraph,write_not_found,NONE,,,body,,,CONFIRMED,"CONFIRMED：由 v1 维度「主营业务构成」固化，以 fact_set 形态独立研究，覆盖 ['required_fields_complete', 'minimum_sources', 'direct_support']，证据 ['er_business']（['company_industry', 'structured_db']），主槽位 co-h4；可独立核验，无需额外业务裁决",,,主营业务、收入/成本/毛利构成与产业链位置；主营业务完全无法确认时阻断章节,主营业务构成 | 各业务收入及收入占比 | 各业务成本与毛利构成 | 产业链位置 | 对应报告期与口径,split,v1 的 5 个 required_aspects 拆为 7 个独立 required_body aspect（主营业务构成→3、各业务收入及收入占比→1、各业务成本与毛利构成→1、产业链位置→1、对应报告期与口径→1），各自可独立研究/核验/成缺口。,主营业务构成,应用场景,以 fact_set 形态独立研究，required_fields=['应用场景']，可独立核验/成缺口,"覆盖规则 ['required_fields_complete', 'minimum_sources', 'direct_support']（producer_kind=topic_harness，集合锚点 无）",不保留 search_audit：普通正向事实或财务/派生/synth，不机械要求检索审计,"证据 ['er_business']：evidence_kind=['field']，source_classes=['company_industry', 'structured_db']，minimum_sources=[1]",primary:co-h4,主槽位落在 co-h4（公司 H2 正文），与 producer_kind=topic_harness 目标 Writer 章节一致
company,company_business,company_business_main,主营业务构成、产品与方案、应用场景、收入成本毛利构成、产业链位置、报告期与口径,topic_harness,company_business_main.revenue_breakdown,fact_set,各业务收入及收入占比,topic_harness,各业务收入 | 收入占比,required_fields_complete | minimum_sources | direct_support,,er_business,field,source_policy_v1,THREE_YEARS_PLUS_LATEST,required_body,paragraph_and_table,write_not_found,SECTION_BLOCKED,,key_financial,body,,,CONFIRMED,"CONFIRMED：由 v1 维度「各业务收入及收入占比」固化，以 fact_set 形态独立研究，覆盖 ['required_fields_complete', 'minimum_sources', 'direct_support']，证据 ['er_business']（['company_industry', 'structured_db']），主槽位 co-h4；可独立核验，无需额外业务裁决",,,主营业务、收入/成本/毛利构成与产业链位置；主营业务完全无法确认时阻断章节,主营业务构成 | 各业务收入及收入占比 | 各业务成本与毛利构成 | 产业链位置 | 对应报告期与口径,split,v1 的 5 个 required_aspects 拆为 7 个独立 required_body aspect（主营业务构成→3、各业务收入及收入占比→1、各业务成本与毛利构成→1、产业链位置→1、对应报告期与口径→1），各自可独立研究/核验/成缺口。,各业务收入及收入占比,各业务收入及收入占比,"以 fact_set 形态独立研究，required_fields=['各业务收入', '收入占比']，可独立核验/成缺口","覆盖规则 ['required_fields_complete', 'minimum_sources', 'direct_support']（producer_kind=topic_harness，集合锚点 无）",不保留 search_audit：普通正向事实或财务/派生/synth，不机械要求检索审计,"证据 ['er_business']：evidence_kind=['field']，source_classes=['company_industry', 'structured_db']，minimum_sources=[1]",primary:co-h4,主槽位落在 co-h4（公司 H2 正文），与 producer_kind=topic_harness 目标 Writer 章节一致
company,company_business,company_business_main,主营业务构成、产品与方案、应用场景、收入成本毛利构成、产业链位置、报告期与口径,topic_harness,company_business_main.cost_gross_margin,fact_set,各业务成本与毛利构成,topic_harness,各业务成本 | 毛利 | 毛利率,required_fields_complete | minimum_sources | direct_support,,er_business,field,source_policy_v1,THREE_YEARS_PLUS_LATEST,required_body,paragraph_and_table,write_not_found,SECTION_BLOCKED,,key_financial,body,,,CONFIRMED,"CONFIRMED：由 v1 维度「各业务成本与毛利构成」固化，以 fact_set 形态独立研究，覆盖 ['required_fields_complete', 'minimum_sources', 'direct_support']，证据 ['er_business']（['company_industry', 'structured_db']），主槽位 co-h4；可独立核验，无需额外业务裁决",,,主营业务、收入/成本/毛利构成与产业链位置；主营业务完全无法确认时阻断章节,主营业务构成 | 各业务收入及收入占比 | 各业务成本与毛利构成 | 产业链位置 | 对应报告期与口径,split,v1 的 5 个 required_aspects 拆为 7 个独立 required_body aspect（主营业务构成→3、各业务收入及收入占比→1、各业务成本与毛利构成→1、产业链位置→1、对应报告期与口径→1），各自可独立研究/核验/成缺口。,各业务成本与毛利构成,各业务成本与毛利构成,"以 fact_set 形态独立研究，required_fields=['各业务成本', '毛利', '毛利率']，可独立核验/成缺口","覆盖规则 ['required_fields_complete', 'minimum_sources', 'direct_support']（producer_kind=topic_harness，集合锚点 无）",不保留 search_audit：普通正向事实或财务/派生/synth，不机械要求检索审计,"证据 ['er_business']：evidence_kind=['field']，source_classes=['company_industry', 'structured_db']，minimum_sources=[1]",primary:co-h4,主槽位落在 co-h4（公司 H2 正文），与 producer_kind=topic_harness 目标 Writer 章节一致
company,company_business,company_business_main,主营业务构成、产品与方案、应用场景、收入成本毛利构成、产业链位置、报告期与口径,topic_harness,company_business_main.industry_chain_position,fact_set,产业链位置,topic_harness,产业链位置,required_fields_complete | minimum_sources | direct_support,,er_business,field,source_policy_v1,THREE_YEARS_PLUS_LATEST,required_body,paragraph,write_not_found,NONE,,,body,,,CONFIRMED,"CONFIRMED：由 v1 维度「产业链位置」固化，以 fact_set 形态独立研究，覆盖 ['required_fields_complete', 'minimum_sources', 'direct_support']，证据 ['er_business']（['company_industry', 'structured_db']），主槽位 co-h4；可独立核验，无需额外业务裁决",,,主营业务、收入/成本/毛利构成与产业链位置；主营业务完全无法确认时阻断章节,主营业务构成 | 各业务收入及收入占比 | 各业务成本与毛利构成 | 产业链位置 | 对应报告期与口径,split,v1 的 5 个 required_aspects 拆为 7 个独立 required_body aspect（主营业务构成→3、各业务收入及收入占比→1、各业务成本与毛利构成→1、产业链位置→1、对应报告期与口径→1），各自可独立研究/核验/成缺口。,产业链位置,产业链位置,以 fact_set 形态独立研究，required_fields=['产业链位置']，可独立核验/成缺口,"覆盖规则 ['required_fields_complete', 'minimum_sources', 'direct_support']（producer_kind=topic_harness，集合锚点 无）",不保留 search_audit：普通正向事实或财务/派生/synth，不机械要求检索审计,"证据 ['er_business']：evidence_kind=['field']，source_classes=['company_industry', 'structured_db']，minimum_sources=[1]",primary:co-h4,主槽位落在 co-h4（公司 H2 正文），与 producer_kind=topic_harness 目标 Writer 章节一致
company,company_business,company_business_main,主营业务构成、产品与方案、应用场景、收入成本毛利构成、产业链位置、报告期与口径,topic_harness,company_business_main.period_unit_caliber,fact_set,对应报告期与口径（期间/单位/口径）,topic_harness,报告期 | 金额单位 | 统计口径,required_fields_complete | minimum_sources | direct_support,,er_business,field,source_policy_v1,THREE_YEARS_PLUS_LATEST,required_body,paragraph,write_not_found,SECTION_BLOCKED,,key_financial,body,,,CONFIRMED,"CONFIRMED：由 v1 维度「对应报告期与口径」固化，以 fact_set 形态独立研究，覆盖 ['required_fields_complete', 'minimum_sources', 'direct_support']，证据 ['er_business']（['company_industry', 'structured_db']），主槽位 co-h4；可独立核验，无需额外业务裁决",,,主营业务、收入/成本/毛利构成与产业链位置；主营业务完全无法确认时阻断章节,主营业务构成 | 各业务收入及收入占比 | 各业务成本与毛利构成 | 产业链位置 | 对应报告期与口径,split,v1 的 5 个 required_aspects 拆为 7 个独立 required_body aspect（主营业务构成→3、各业务收入及收入占比→1、各业务成本与毛利构成→1、产业链位置→1、对应报告期与口径→1），各自可独立研究/核验/成缺口。,对应报告期与口径,对应报告期与口径（期间/单位/口径）,"以 fact_set 形态独立研究，required_fields=['报告期', '金额单位', '统计口径']，可独立核验/成缺口","覆盖规则 ['required_fields_complete', 'minimum_sources', 'direct_support']（producer_kind=topic_harness，集合锚点 无）",不保留 search_audit：普通正向事实或财务/派生/synth，不机械要求检索审计,"证据 ['er_business']：evidence_kind=['field']，source_classes=['company_industry', 'structured_db']，minimum_sources=[1]",primary:co-h4,主槽位落在 co-h4（公司 H2 正文），与 producer_kind=topic_harness 目标 Writer 章节一致
company,company_business,company_business_model,采购模式、生产模式、销售模式、技术路线、成本结构与成本竞争能力,topic_harness,company_business_model.procurement_mode,fact_set,采购模式,topic_harness,采购模式,required_fields_complete | minimum_sources | direct_support,,er_business_model,paragraph,source_policy_v1,THREE_YEARS_PLUS_LATEST,required_body,paragraph,write_not_found,NONE,,,body,,,CONFIRMED,"CONFIRMED：由 v1 维度「采购生产销售模式」固化，以 fact_set 形态独立研究，覆盖 ['required_fields_complete', 'minimum_sources', 'direct_support']，证据 ['er_business_model']（['company_industry']），主槽位 co-h4；可独立核验，无需额外业务裁决",,,采购/生产/销售模式、技术路线、成本与竞争能力,采购生产销售模式 | 技术路线 | 成本与竞争能力,split,v1 的 3 个 required_aspects 拆为 6 个独立 required_body aspect（采购生产销售模式→3、技术路线→1、成本与竞争能力→2），各自可独立研究/核验/成缺口。,采购生产销售模式,采购模式,以 fact_set 形态独立研究，required_fields=['采购模式']，可独立核验/成缺口,"覆盖规则 ['required_fields_complete', 'minimum_sources', 'direct_support']（producer_kind=topic_harness，集合锚点 无）",不保留 search_audit：普通正向事实或财务/派生/synth，不机械要求检索审计,证据 ['er_business_model']：evidence_kind=['paragraph']，source_classes=['company_industry']，minimum_sources=[1],primary:co-h4,主槽位落在 co-h4（公司 H2 正文），与 producer_kind=topic_harness 目标 Writer 章节一致
company,company_business,company_business_model,采购模式、生产模式、销售模式、技术路线、成本结构与成本竞争能力,topic_harness,company_business_model.production_mode,fact_set,生产模式,topic_harness,生产模式,required_fields_complete | minimum_sources | direct_support,,er_business_model,paragraph,source_policy_v1,THREE_YEARS_PLUS_LATEST,required_body,paragraph,write_not_found,NONE,,,body,,,CONFIRMED,"CONFIRMED：由 v1 维度「采购生产销售模式」固化，以 fact_set 形态独立研究，覆盖 ['required_fields_complete', 'minimum_sources', 'direct_support']，证据 ['er_business_model']（['company_industry']），主槽位 co-h4；可独立核验，无需额外业务裁决",,,采购/生产/销售模式、技术路线、成本与竞争能力,采购生产销售模式 | 技术路线 | 成本与竞争能力,split,v1 的 3 个 required_aspects 拆为 6 个独立 required_body aspect（采购生产销售模式→3、技术路线→1、成本与竞争能力→2），各自可独立研究/核验/成缺口。,采购生产销售模式,生产模式,以 fact_set 形态独立研究，required_fields=['生产模式']，可独立核验/成缺口,"覆盖规则 ['required_fields_complete', 'minimum_sources', 'direct_support']（producer_kind=topic_harness，集合锚点 无）",不保留 search_audit：普通正向事实或财务/派生/synth，不机械要求检索审计,证据 ['er_business_model']：evidence_kind=['paragraph']，source_classes=['company_industry']，minimum_sources=[1],primary:co-h4,主槽位落在 co-h4（公司 H2 正文），与 producer_kind=topic_harness 目标 Writer 章节一致
company,company_business,company_business_model,采购模式、生产模式、销售模式、技术路线、成本结构与成本竞争能力,topic_harness,company_business_model.sales_mode,fact_set,销售模式,topic_harness,销售模式,required_fields_complete | minimum_sources | direct_support,,er_business_model,paragraph,source_policy_v1,THREE_YEARS_PLUS_LATEST,required_body,paragraph,write_not_found,NONE,,,body,,,CONFIRMED,"CONFIRMED：由 v1 维度「采购生产销售模式」固化，以 fact_set 形态独立研究，覆盖 ['required_fields_complete', 'minimum_sources', 'direct_support']，证据 ['er_business_model']（['company_industry']），主槽位 co-h4；可独立核验，无需额外业务裁决",,,采购/生产/销售模式、技术路线、成本与竞争能力,采购生产销售模式 | 技术路线 | 成本与竞争能力,split,v1 的 3 个 required_aspects 拆为 6 个独立 required_body aspect（采购生产销售模式→3、技术路线→1、成本与竞争能力→2），各自可独立研究/核验/成缺口。,采购生产销售模式,销售模式,以 fact_set 形态独立研究，required_fields=['销售模式']，可独立核验/成缺口,"覆盖规则 ['required_fields_complete', 'minimum_sources', 'direct_support']（producer_kind=topic_harness，集合锚点 无）",不保留 search_audit：普通正向事实或财务/派生/synth，不机械要求检索审计,证据 ['er_business_model']：evidence_kind=['paragraph']，source_classes=['company_industry']，minimum_sources=[1],primary:co-h4,主槽位落在 co-h4（公司 H2 正文），与 producer_kind=topic_harness 目标 Writer 章节一致
company,company_business,company_business_model,采购模式、生产模式、销售模式、技术路线、成本结构与成本竞争能力,topic_harness,company_business_model.tech_route,fact_set,技术路线,topic_harness,技术路线,required_fields_complete | minimum_sources | direct_support,,er_business_model,paragraph,source_policy_v1,STRUCTURAL_5Y_CURRENT,required_body,paragraph,write_not_found,NONE,,,body,,,CONFIRMED,"CONFIRMED：由 v1 维度「技术路线」固化，以 fact_set 形态独立研究，覆盖 ['required_fields_complete', 'minimum_sources', 'direct_support']，证据 ['er_business_model']（['company_industry']），主槽位 co-h4；可独立核验，无需额外业务裁决",,,采购/生产/销售模式、技术路线、成本与竞争能力,采购生产销售模式 | 技术路线 | 成本与竞争能力,split,v1 的 3 个 required_aspects 拆为 6 个独立 required_body aspect（采购生产销售模式→3、技术路线→1、成本与竞争能力→2），各自可独立研究/核验/成缺口。,技术路线,技术路线,以 fact_set 形态独立研究，required_fields=['技术路线']，可独立核验/成缺口,"覆盖规则 ['required_fields_complete', 'minimum_sources', 'direct_support']（producer_kind=topic_harness，集合锚点 无）",不保留 search_audit：普通正向事实或财务/派生/synth，不机械要求检索审计,证据 ['er_business_model']：evidence_kind=['paragraph']，source_classes=['company_industry']，minimum_sources=[1],primary:co-h4,主槽位落在 co-h4（公司 H2 正文），与 producer_kind=topic_harness 目标 Writer 章节一致
company,company_business,company_business_model,采购模式、生产模式、销售模式、技术路线、成本结构与成本竞争能力,topic_harness,company_business_model.cost_structure,fact_set,成本结构,topic_harness,成本结构,required_fields_complete | minimum_sources | direct_support,,er_business_model,paragraph,source_policy_v1,THREE_YEARS_PLUS_LATEST,required_body,paragraph,write_not_found,NONE,,,body,,,CONFIRMED,"CONFIRMED：由 v1 维度「成本与竞争能力」固化，以 fact_set 形态独立研究，覆盖 ['required_fields_complete', 'minimum_sources', 'direct_support']，证据 ['er_business_model']（['company_industry']），主槽位 co-h4；可独立核验，无需额外业务裁决",,,采购/生产/销售模式、技术路线、成本与竞争能力,采购生产销售模式 | 技术路线 | 成本与竞争能力,split,v1 的 3 个 required_aspects 拆为 6 个独立 required_body aspect（采购生产销售模式→3、技术路线→1、成本与竞争能力→2），各自可独立研究/核验/成缺口。,成本与竞争能力,成本结构,以 fact_set 形态独立研究，required_fields=['成本结构']，可独立核验/成缺口,"覆盖规则 ['required_fields_complete', 'minimum_sources', 'direct_support']（producer_kind=topic_harness，集合锚点 无）",不保留 search_audit：普通正向事实或财务/派生/synth，不机械要求检索审计,证据 ['er_business_model']：evidence_kind=['paragraph']，source_classes=['company_industry']，minimum_sources=[1],primary:co-h4,主槽位落在 co-h4（公司 H2 正文），与 producer_kind=topic_harness 目标 Writer 章节一致
company,company_business,company_business_model,采购模式、生产模式、销售模式、技术路线、成本结构与成本竞争能力,topic_harness,company_business_model.cost_competitiveness,fact_set,成本竞争能力,topic_harness,成本竞争能力,required_fields_complete | minimum_sources | direct_support,,er_business_model,paragraph,source_policy_v1,THREE_YEARS_PLUS_LATEST,required_body,paragraph,write_not_found,NONE,,,body,,,CONFIRMED,"CONFIRMED：由 v1 维度「成本与竞争能力」固化，以 fact_set 形态独立研究，覆盖 ['required_fields_complete', 'minimum_sources', 'direct_support']，证据 ['er_business_model']（['company_industry']），主槽位 co-h4；可独立核验，无需额外业务裁决",,,采购/生产/销售模式、技术路线、成本与竞争能力,采购生产销售模式 | 技术路线 | 成本与竞争能力,split,v1 的 3 个 required_aspects 拆为 6 个独立 required_body aspect（采购生产销售模式→3、技术路线→1、成本与竞争能力→2），各自可独立研究/核验/成缺口。,成本与竞争能力,成本竞争能力,以 fact_set 形态独立研究，required_fields=['成本竞争能力']，可独立核验/成缺口,"覆盖规则 ['required_fields_complete', 'minimum_sources', 'direct_support']（producer_kind=topic_harness，集合锚点 无）",不保留 search_audit：普通正向事实或财务/派生/synth，不机械要求检索审计,证据 ['er_business_model']：evidence_kind=['paragraph']，source_classes=['company_industry']，minimum_sources=[1],primary:co-h4,主槽位落在 co-h4（公司 H2 正文），与 producer_kind=topic_harness 目标 Writer 章节一致
company,company_business,company_customer_concentration,客户当前集中度、前五大合计占比、关联方、集中度跨期变化、披露范围,topic_harness,company_customer_concentration.customer_current_concentration,fact_set,客户当前集中度（前五大合计占比、是否存在关联方、材料披露范围）,topic_harness,前五大合计占比 | 关联方 | 披露范围,required_fields_complete | minimum_sources | direct_support,依法匿名披露时客户名称不是必填字段,er_customer,table,source_policy_v1,THREE_YEARS_PLUS_LATEST,required_body,paragraph_and_table,write_not_found_disclose,NONE,,,body,,,CONFIRMED,"CONFIRMED：由 v1 维度「客户集中度」固化，以 fact_set 形态独立研究，覆盖 ['required_fields_complete', 'minimum_sources', 'direct_support']，证据 ['er_customer']（['company_industry']），主槽位 co-h4；可独立核验，无需额外业务裁决",,,客户集中度（客户名称依法未披露时标注“依法未披露”，不视为缺失或不存在）,客户集中度 | 依法未披露时的标注,applicability_refined,"v1 required_aspects 保留，新增/细化 applicability_policy ['not_applicable_no_comparable_period', 'not_applicable_no_plan']，把合法不适用/无实际控制人等分支显式化为终态，非事实缺失。",客户集中度,客户当前集中度（前五大合计占比、是否存在关联方、材料披露范围）,"以 fact_set 形态独立研究，required_fields=['前五大合计占比', '关联方', '披露范围']，可独立核验/成缺口","覆盖规则 ['required_fields_complete', 'minimum_sources', 'direct_support']（producer_kind=topic_harness，集合锚点 依法匿名披露时客户名称不是必填字段）",不保留 search_audit：普通正向事实或财务/派生/synth，不机械要求检索审计,证据 ['er_customer']：evidence_kind=['table']，source_classes=['company_industry']，minimum_sources=[1],primary:co-h4,主槽位落在 co-h4（公司 H2 正文），与 producer_kind=topic_harness 目标 Writer 章节一致
company,company_business,company_customer_concentration,客户当前集中度、前五大合计占比、关联方、集中度跨期变化、披露范围,topic_harness,company_customer_concentration.customer_concentration_change,fact_set,客户集中度跨期变化（仅在有可比期间时评估）,topic_harness,集中度变化,required_fields_complete | minimum_sources | direct_support | applicability,无可比期间时记为 NOT_APPLICABLE，不视为事实缺失,er_customer,table,source_policy_v1,THREE_YEARS_PLUS_LATEST,optional_body,paragraph,not_applicable_no_comparable_period,NONE,not_applicable_no_comparable_period,,body,,,CONFIRMED,"CONFIRMED：由 v1 维度「客户集中度」固化，以 fact_set 形态独立研究，覆盖 ['required_fields_complete', 'minimum_sources', 'direct_support', 'applicability']，证据 ['er_customer']（['company_industry']），主槽位 co-h4；可独立核验，无需额外业务裁决",,,客户集中度（客户名称依法未披露时标注“依法未披露”，不视为缺失或不存在）,客户集中度 | 依法未披露时的标注,applicability_refined,"v1 required_aspects 保留，新增/细化 applicability_policy ['not_applicable_no_comparable_period', 'not_applicable_no_plan']，把合法不适用/无实际控制人等分支显式化为终态，非事实缺失。",客户集中度,客户集中度跨期变化（仅在有可比期间时评估）,以 fact_set 形态独立研究，required_fields=['集中度变化']，可独立核验/成缺口,"覆盖规则 ['required_fields_complete', 'minimum_sources', 'direct_support', 'applicability']（producer_kind=topic_harness，集合锚点 无可比期间时记为 NOT_APPLICABLE，不视为事实缺失）",不保留 search_audit：普通正向事实或财务/派生/synth，不机械要求检索审计,证据 ['er_customer']：evidence_kind=['table']，source_classes=['company_industry']，minimum_sources=[1],primary:co-h4,主槽位落在 co-h4（公司 H2 正文），与 producer_kind=topic_harness 目标 Writer 章节一致
company,company_business,company_customer_concentration,客户当前集中度、前五大合计占比、关联方、集中度跨期变化、披露范围,topic_harness,company_customer_concentration.customer_anonymity,fact_set,依法未披露客户名称时的标注,topic_harness,依法未披露标注,required_fields_complete | minimum_sources | direct_support | applicability,,er_customer,table,source_policy_v1,THREE_YEARS_PLUS_LATEST,required_body,paragraph,write_not_found_disclose,NONE,not_applicable_no_plan,,body,,,CONFIRMED,"CONFIRMED：由 v1 维度「依法未披露时的标注」固化，以 fact_set 形态独立研究，覆盖 ['required_fields_complete', 'minimum_sources', 'direct_support', 'applicability']，证据 ['er_customer']（['company_industry']），主槽位 co-h4；可独立核验，无需额外业务裁决",,,客户集中度（客户名称依法未披露时标注“依法未披露”，不视为缺失或不存在）,客户集中度 | 依法未披露时的标注,applicability_refined,"v1 required_aspects 保留，新增/细化 applicability_policy ['not_applicable_no_comparable_period', 'not_applicable_no_plan']，把合法不适用/无实际控制人等分支显式化为终态，非事实缺失。",依法未披露时的标注,依法未披露客户名称时的标注,以 fact_set 形态独立研究，required_fields=['依法未披露标注']，可独立核验/成缺口,"覆盖规则 ['required_fields_complete', 'minimum_sources', 'direct_support', 'applicability']（producer_kind=topic_harness，集合锚点 无）",不保留 search_audit：普通正向事实或财务/派生/synth，不机械要求检索审计,证据 ['er_customer']：evidence_kind=['table']，source_classes=['company_industry']，minimum_sources=[1],primary:co-h4,主槽位落在 co-h4（公司 H2 正文），与 producer_kind=topic_harness 目标 Writer 章节一致
company,company_business,company_supplier_concentration,供应商当前集中度与集中度跨期变化,topic_harness,company_supplier_concentration.supplier_current_concentration,fact_set,供应商当前集中度（前五大合计占比、是否存在关联方、材料披露范围）,topic_harness,前五大合计占比 | 关联方 | 披露范围,required_fields_complete | minimum_sources | direct_support,依法匿名披露时供应商名称不是必填字段,er_supplier,table,source_policy_v1,THREE_YEARS_PLUS_LATEST,required_body,paragraph_and_table,write_not_found_disclose,NONE,,,body,,,CONFIRMED,"CONFIRMED：由 v1 维度「供应商集中度」固化，以 fact_set 形态独立研究，覆盖 ['required_fields_complete', 'minimum_sources', 'direct_support']，证据 ['er_supplier']（['company_industry']），主槽位 co-h4；可独立核验，无需额外业务裁决",,,供应商集中度,供应商集中度,applicability_refined,v1 required_aspects 保留，新增/细化 applicability_policy ['not_applicable_no_comparable_period']，把合法不适用/无实际控制人等分支显式化为终态，非事实缺失。,供应商集中度,供应商当前集中度（前五大合计占比、是否存在关联方、材料披露范围）,"以 fact_set 形态独立研究，required_fields=['前五大合计占比', '关联方', '披露范围']，可独立核验/成缺口","覆盖规则 ['required_fields_complete', 'minimum_sources', 'direct_support']（producer_kind=topic_harness，集合锚点 依法匿名披露时供应商名称不是必填字段）",不保留 search_audit：普通正向事实或财务/派生/synth，不机械要求检索审计,证据 ['er_supplier']：evidence_kind=['table']，source_classes=['company_industry']，minimum_sources=[1],primary:co-h4,主槽位落在 co-h4（公司 H2 正文），与 producer_kind=topic_harness 目标 Writer 章节一致
company,company_business,company_supplier_concentration,供应商当前集中度与集中度跨期变化,topic_harness,company_supplier_concentration.supplier_concentration_change,fact_set,供应商集中度跨期变化（仅在有可比期间时评估）,topic_harness,集中度变化,required_fields_complete | minimum_sources | direct_support | applicability,无可比期间时记为 NOT_APPLICABLE，不视为事实缺失,er_supplier,table,source_policy_v1,THREE_YEARS_PLUS_LATEST,optional_body,paragraph,not_applicable_no_comparable_period,NONE,not_applicable_no_comparable_period,,body,,,CONFIRMED,"CONFIRMED：由 v1 维度「供应商集中度」固化，以 fact_set 形态独立研究，覆盖 ['required_fields_complete', 'minimum_sources', 'direct_support', 'applicability']，证据 ['er_supplier']（['company_industry']），主槽位 co-h4；可独立核验，无需额外业务裁决",,,供应商集中度,供应商集中度,applicability_refined,v1 required_aspects 保留，新增/细化 applicability_policy ['not_applicable_no_comparable_period']，把合法不适用/无实际控制人等分支显式化为终态，非事实缺失。,供应商集中度,供应商集中度跨期变化（仅在有可比期间时评估）,以 fact_set 形态独立研究，required_fields=['集中度变化']，可独立核验/成缺口,"覆盖规则 ['required_fields_complete', 'minimum_sources', 'direct_support', 'applicability']（producer_kind=topic_harness，集合锚点 无可比期间时记为 NOT_APPLICABLE，不视为事实缺失）",不保留 search_audit：普通正向事实或财务/派生/synth，不机械要求检索审计,证据 ['er_supplier']：evidence_kind=['table']，source_classes=['company_industry']，minimum_sources=[1],primary:co-h4,主槽位落在 co-h4（公司 H2 正文），与 producer_kind=topic_harness 目标 Writer 章节一致
company,company_competitiveness,company_competitiveness,核心竞争力（权威披露的实质性竞争力因素）,topic_harness,company_competitiveness.core_competitiveness,all_disclosed_items,核心竞争力（基于权威材料明确披露的实质性竞争力因素；技术/规模/市场/客户/供应链/品牌仅为分类标签，不硬凑固定维度数量）,topic_harness,竞争力因素 | 支持依据,set_complete | required_fields_complete | minimum_sources | direct_support | search_audit,以权威披露的实质性竞争力因素为集合锚点；不得以『搜到几项』宣称完整，不得规定至少 3 个固定维度,er_competitiveness,paragraph,source_policy_v1,STRUCTURAL_5Y_CURRENT,required_body,paragraph,write_not_found,NONE,,,body,,,CONFIRMED,方案A已收口：保持单一 all_disclosed_items 集合式 aspect（以权威披露的实质性竞争力因素为集合锚点，不硬凑维度数量），business_review_status=CONFIRMED。,,,核心竞争力,核心竞争力,unchanged,v1 required_aspects 固化为稳定 aspect_id，无语义变更（不拆分）。,核心竞争力,核心竞争力（基于权威材料明确披露的实质性竞争力因素；技术/规模/市场/客户/供应链/品牌仅为分类标签，不硬凑固定维度数量）,"以 all_disclosed_items 形态独立研究，required_fields=['竞争力因素', '支持依据']，可独立核验/成缺口","覆盖规则 ['set_complete', 'required_fields_complete', 'minimum_sources', 'direct_support', 'search_audit']（producer_kind=topic_harness，集合锚点 以权威披露的实质性竞争力因素为集合锚点；不得以『搜到几项』宣称完整，不得规定至少 3 个固定维度）",保留 search_audit：负面核验/not_found/集合完整性/外部时效需记录检索范围与截止日期,证据 ['er_competitiveness']：evidence_kind=['paragraph']，source_classes=['company_industry']，minimum_sources=[1],primary:co-h5,主槽位落在 co-h5（公司 H2 正文），与 producer_kind=topic_harness 目标 Writer 章节一致
company,company_competitiveness,company_rd_capacity,研发投入金额、研发强度、研发人员、研发成果、研发平台与技术路线、发展计划、在建工程,topic_harness,company_rd_capacity.rd_investment_amount,fact_set,研发投入金额,topic_harness,研发投入金额,required_fields_complete | minimum_sources | direct_support,,er_rd,field,source_policy_v1,THREE_YEARS_PLUS_LATEST,required_body,paragraph_and_table,write_not_found,NONE,,,body,,,CONFIRMED,"CONFIRMED：由 v1 维度「研发能力」固化，以 fact_set 形态独立研究，覆盖 ['required_fields_complete', 'minimum_sources', 'direct_support']，证据 ['er_rd']（['company_industry']），主槽位 co-h5；可独立核验，无需额外业务裁决",,,研发能力、发展计划与在建工程,研发能力 | 发展计划 | 在建工程,split,v1 的 3 个 required_aspects 拆为 7 个独立 required_body aspect（研发能力→5、发展计划→1、在建工程→1），各自可独立研究/核验/成缺口。,研发能力,研发投入金额,以 fact_set 形态独立研究，required_fields=['研发投入金额']，可独立核验/成缺口,"覆盖规则 ['required_fields_complete', 'minimum_sources', 'direct_support']（producer_kind=topic_harness，集合锚点 无）",不保留 search_audit：普通正向事实或财务/派生/synth，不机械要求检索审计,证据 ['er_rd']：evidence_kind=['field']，source_classes=['company_industry']，minimum_sources=[1],primary:co-h5,主槽位落在 co-h5（公司 H2 正文），与 producer_kind=topic_harness 目标 Writer 章节一致
company,company_competitiveness,company_rd_capacity,研发投入金额、研发强度、研发人员、研发成果、研发平台与技术路线、发展计划、在建工程,topic_harness,company_rd_capacity.rd_intensity,fact_set,研发强度,topic_harness,研发强度,required_fields_complete | minimum_sources | direct_support,,er_rd,field,source_policy_v1,THREE_YEARS_PLUS_LATEST,required_body,paragraph,write_not_found,NONE,,,body,,,CONFIRMED,"CONFIRMED：由 v1 维度「研发能力」固化，以 fact_set 形态独立研究，覆盖 ['required_fields_complete', 'minimum_sources', 'direct_support']，证据 ['er_rd']（['company_industry']），主槽位 co-h5；可独立核验，无需额外业务裁决",,,研发能力、发展计划与在建工程,研发能力 | 发展计划 | 在建工程,split,v1 的 3 个 required_aspects 拆为 7 个独立 required_body aspect（研发能力→5、发展计划→1、在建工程→1），各自可独立研究/核验/成缺口。,研发能力,研发强度,以 fact_set 形态独立研究，required_fields=['研发强度']，可独立核验/成缺口,"覆盖规则 ['required_fields_complete', 'minimum_sources', 'direct_support']（producer_kind=topic_harness，集合锚点 无）",不保留 search_audit：普通正向事实或财务/派生/synth，不机械要求检索审计,证据 ['er_rd']：evidence_kind=['field']，source_classes=['company_industry']，minimum_sources=[1],primary:co-h5,主槽位落在 co-h5（公司 H2 正文），与 producer_kind=topic_harness 目标 Writer 章节一致
company,company_competitiveness,company_rd_capacity,研发投入金额、研发强度、研发人员、研发成果、研发平台与技术路线、发展计划、在建工程,topic_harness,company_rd_capacity.rd_personnel,fact_set,研发人员,topic_harness,研发人员,required_fields_complete | minimum_sources | direct_support,,er_rd,field,source_policy_v1,THREE_YEARS_PLUS_LATEST,required_body,paragraph,write_not_found,NONE,,,body,,,CONFIRMED,"CONFIRMED：由 v1 维度「研发能力」固化，以 fact_set 形态独立研究，覆盖 ['required_fields_complete', 'minimum_sources', 'direct_support']，证据 ['er_rd']（['company_industry']），主槽位 co-h5；可独立核验，无需额外业务裁决",,,研发能力、发展计划与在建工程,研发能力 | 发展计划 | 在建工程,split,v1 的 3 个 required_aspects 拆为 7 个独立 required_body aspect（研发能力→5、发展计划→1、在建工程→1），各自可独立研究/核验/成缺口。,研发能力,研发人员,以 fact_set 形态独立研究，required_fields=['研发人员']，可独立核验/成缺口,"覆盖规则 ['required_fields_complete', 'minimum_sources', 'direct_support']（producer_kind=topic_harness，集合锚点 无）",不保留 search_audit：普通正向事实或财务/派生/synth，不机械要求检索审计,证据 ['er_rd']：evidence_kind=['field']，source_classes=['company_industry']，minimum_sources=[1],primary:co-h5,主槽位落在 co-h5（公司 H2 正文），与 producer_kind=topic_harness 目标 Writer 章节一致
company,company_competitiveness,company_rd_capacity,研发投入金额、研发强度、研发人员、研发成果、研发平台与技术路线、发展计划、在建工程,topic_harness,company_rd_capacity.rd_achievements,fact_set,研发成果,topic_harness,研发成果,required_fields_complete | minimum_sources | direct_support,,er_rd,field,source_policy_v1,THREE_YEARS_PLUS_LATEST,required_body,paragraph,write_not_found,NONE,,,body,,,CONFIRMED,"CONFIRMED：由 v1 维度「研发能力」固化，以 fact_set 形态独立研究，覆盖 ['required_fields_complete', 'minimum_sources', 'direct_support']，证据 ['er_rd']（['company_industry']），主槽位 co-h5；可独立核验，无需额外业务裁决",,,研发能力、发展计划与在建工程,研发能力 | 发展计划 | 在建工程,split,v1 的 3 个 required_aspects 拆为 7 个独立 required_body aspect（研发能力→5、发展计划→1、在建工程→1），各自可独立研究/核验/成缺口。,研发能力,研发成果,以 fact_set 形态独立研究，required_fields=['研发成果']，可独立核验/成缺口,"覆盖规则 ['required_fields_complete', 'minimum_sources', 'direct_support']（producer_kind=topic_harness，集合锚点 无）",不保留 search_audit：普通正向事实或财务/派生/synth，不机械要求检索审计,证据 ['er_rd']：evidence_kind=['field']，source_classes=['company_industry']，minimum_sources=[1],primary:co-h5,主槽位落在 co-h5（公司 H2 正文），与 producer_kind=topic_harness 目标 Writer 章节一致
company,company_competitiveness,company_rd_capacity,研发投入金额、研发强度、研发人员、研发成果、研发平台与技术路线、发展计划、在建工程,topic_harness,company_rd_capacity.rd_platform_tech_route,fact_set,研发平台与技术路线,topic_harness,研发平台 | 技术路线,required_fields_complete | minimum_sources | direct_support,,er_rd,field,source_policy_v1,STRUCTURAL_5Y_CURRENT,required_body,paragraph,write_not_found,NONE,,,body,,,CONFIRMED,"CONFIRMED：由 v1 维度「研发能力」固化，以 fact_set 形态独立研究，覆盖 ['required_fields_complete', 'minimum_sources', 'direct_support']，证据 ['er_rd']（['company_industry']），主槽位 co-h5；可独立核验，无需额外业务裁决",,,研发能力、发展计划与在建工程,研发能力 | 发展计划 | 在建工程,split,v1 的 3 个 required_aspects 拆为 7 个独立 required_body aspect（研发能力→5、发展计划→1、在建工程→1），各自可独立研究/核验/成缺口。,研发能力,研发平台与技术路线,"以 fact_set 形态独立研究，required_fields=['研发平台', '技术路线']，可独立核验/成缺口","覆盖规则 ['required_fields_complete', 'minimum_sources', 'direct_support']（producer_kind=topic_harness，集合锚点 无）",不保留 search_audit：普通正向事实或财务/派生/synth，不机械要求检索审计,证据 ['er_rd']：evidence_kind=['field']，source_classes=['company_industry']，minimum_sources=[1],primary:co-h5,主槽位落在 co-h5（公司 H2 正文），与 producer_kind=topic_harness 目标 Writer 章节一致
company,company_competitiveness,company_rd_capacity,研发投入金额、研发强度、研发人员、研发成果、研发平台与技术路线、发展计划、在建工程,topic_harness,company_rd_capacity.development_plan,fact_set,发展计划,topic_harness,发展计划,required_fields_complete | minimum_sources | direct_support,,er_rd,field,source_policy_v1,CURRENT_AS_OF_WITH_24M_CHANGES,required_body,paragraph,write_not_found,NONE,,,body,,,CONFIRMED,"CONFIRMED：由 v1 维度「发展计划」固化，以 fact_set 形态独立研究，覆盖 ['required_fields_complete', 'minimum_sources', 'direct_support']，证据 ['er_rd']（['company_industry']），主槽位 co-h5；可独立核验，无需额外业务裁决",,,研发能力、发展计划与在建工程,研发能力 | 发展计划 | 在建工程,split,v1 的 3 个 required_aspects 拆为 7 个独立 required_body aspect（研发能力→5、发展计划→1、在建工程→1），各自可独立研究/核验/成缺口。,发展计划,发展计划,以 fact_set 形态独立研究，required_fields=['发展计划']，可独立核验/成缺口,"覆盖规则 ['required_fields_complete', 'minimum_sources', 'direct_support']（producer_kind=topic_harness，集合锚点 无）",不保留 search_audit：普通正向事实或财务/派生/synth，不机械要求检索审计,证据 ['er_rd']：evidence_kind=['field']，source_classes=['company_industry']，minimum_sources=[1],primary:co-h5,主槽位落在 co-h5（公司 H2 正文），与 producer_kind=topic_harness 目标 Writer 章节一致
company,company_competitiveness,company_rd_capacity,研发投入金额、研发强度、研发人员、研发成果、研发平台与技术路线、发展计划、在建工程,topic_harness,company_rd_capacity.construction_in_progress,fact_set,在建工程,topic_harness,在建工程,required_fields_complete | minimum_sources | direct_support,,er_rd,field,source_policy_v1,CURRENT_AS_OF_WITH_24M_CHANGES,required_body,paragraph,write_not_found,NONE,,,body,,,CONFIRMED,"CONFIRMED：由 v1 维度「在建工程」固化，以 fact_set 形态独立研究，覆盖 ['required_fields_complete', 'minimum_sources', 'direct_support']，证据 ['er_rd']（['company_industry']），主槽位 co-h5；可独立核验，无需额外业务裁决",,,研发能力、发展计划与在建工程,研发能力 | 发展计划 | 在建工程,split,v1 的 3 个 required_aspects 拆为 7 个独立 required_body aspect（研发能力→5、发展计划→1、在建工程→1），各自可独立研究/核验/成缺口。,在建工程,在建工程,以 fact_set 形态独立研究，required_fields=['在建工程']，可独立核验/成缺口,"覆盖规则 ['required_fields_complete', 'minimum_sources', 'direct_support']（producer_kind=topic_harness，集合锚点 无）",不保留 search_audit：普通正向事实或财务/派生/synth，不机械要求检索审计,证据 ['er_rd']：evidence_kind=['field']，source_classes=['company_industry']，minimum_sources=[1],primary:co-h5,主槽位落在 co-h5（公司 H2 正文），与 producer_kind=topic_harness 目标 Writer 章节一致
company,company_governance,company_governance,治理结构、内控、管理层稳定性、主要管理人员履历,topic_harness,company_governance.governance_structure,fact_set,治理结构,topic_harness,治理结构,required_fields_complete | minimum_sources | direct_support,,er_governance,paragraph,source_policy_v1,CURRENT_AS_OF_WITH_24M_CHANGES,required_body,paragraph,write_not_found,NONE,,,body,,,CONFIRMED,"CONFIRMED：由 v1 维度「治理结构与内控」固化，以 fact_set 形态独立研究，覆盖 ['required_fields_complete', 'minimum_sources', 'direct_support']，证据 ['er_governance']（['company_industry']），主槽位 co-h6；可独立核验，无需额外业务裁决",,,治理结构、内控、管理层稳定性及主要管理人员履历,治理结构与内控 | 管理层稳定性 | 主要管理人员履历,split,v1 的 3 个 required_aspects 拆为 4 个独立 required_body aspect（治理结构与内控→2、管理层稳定性→1、主要管理人员履历→1），各自可独立研究/核验/成缺口。,治理结构与内控,治理结构,以 fact_set 形态独立研究，required_fields=['治理结构']，可独立核验/成缺口,"覆盖规则 ['required_fields_complete', 'minimum_sources', 'direct_support']（producer_kind=topic_harness，集合锚点 无）",不保留 search_audit：普通正向事实或财务/派生/synth，不机械要求检索审计,证据 ['er_governance']：evidence_kind=['paragraph']，source_classes=['company_industry']，minimum_sources=[1],primary:co-h6,主槽位落在 co-h6（公司 H2 正文），与 producer_kind=topic_harness 目标 Writer 章节一致
company,company_governance,company_governance,治理结构、内控、管理层稳定性、主要管理人员履历,topic_harness,company_governance.internal_control,fact_set,内控,topic_harness,内控,required_fields_complete | minimum_sources | direct_support,,er_governance,paragraph,source_policy_v1,CURRENT_AS_OF_WITH_24M_CHANGES,required_body,paragraph,write_not_found,NONE,,,body,,,CONFIRMED,"CONFIRMED：由 v1 维度「治理结构与内控」固化，以 fact_set 形态独立研究，覆盖 ['required_fields_complete', 'minimum_sources', 'direct_support']，证据 ['er_governance']（['company_industry']），主槽位 co-h6；可独立核验，无需额外业务裁决",,,治理结构、内控、管理层稳定性及主要管理人员履历,治理结构与内控 | 管理层稳定性 | 主要管理人员履历,split,v1 的 3 个 required_aspects 拆为 4 个独立 required_body aspect（治理结构与内控→2、管理层稳定性→1、主要管理人员履历→1），各自可独立研究/核验/成缺口。,治理结构与内控,内控,以 fact_set 形态独立研究，required_fields=['内控']，可独立核验/成缺口,"覆盖规则 ['required_fields_complete', 'minimum_sources', 'direct_support']（producer_kind=topic_harness，集合锚点 无）",不保留 search_audit：普通正向事实或财务/派生/synth，不机械要求检索审计,证据 ['er_governance']：evidence_kind=['paragraph']，source_classes=['company_industry']，minimum_sources=[1],primary:co-h6,主槽位落在 co-h6（公司 H2 正文），与 producer_kind=topic_harness 目标 Writer 章节一致
company,company_governance,company_governance,治理结构、内控、管理层稳定性、主要管理人员履历,topic_harness,company_governance.management_stability,fact_set,管理层稳定性,topic_harness,管理层稳定性,required_fields_complete | minimum_sources | direct_support,,er_governance,paragraph,source_policy_v1,CURRENT_AS_OF_WITH_24M_CHANGES,required_body,paragraph,write_not_found,NONE,,,body,,,CONFIRMED,"CONFIRMED：由 v1 维度「管理层稳定性」固化，以 fact_set 形态独立研究，覆盖 ['required_fields_complete', 'minimum_sources', 'direct_support']，证据 ['er_governance']（['company_industry']），主槽位 co-h6；可独立核验，无需额外业务裁决",,,治理结构、内控、管理层稳定性及主要管理人员履历,治理结构与内控 | 管理层稳定性 | 主要管理人员履历,split,v1 的 3 个 required_aspects 拆为 4 个独立 required_body aspect（治理结构与内控→2、管理层稳定性→1、主要管理人员履历→1），各自可独立研究/核验/成缺口。,管理层稳定性,管理层稳定性,以 fact_set 形态独立研究，required_fields=['管理层稳定性']，可独立核验/成缺口,"覆盖规则 ['required_fields_complete', 'minimum_sources', 'direct_support']（producer_kind=topic_harness，集合锚点 无）",不保留 search_audit：普通正向事实或财务/派生/synth，不机械要求检索审计,证据 ['er_governance']：evidence_kind=['paragraph']，source_classes=['company_industry']，minimum_sources=[1],primary:co-h6,主槽位落在 co-h6（公司 H2 正文），与 producer_kind=topic_harness 目标 Writer 章节一致
company,company_governance,company_governance,治理结构、内控、管理层稳定性、主要管理人员履历,topic_harness,company_governance.executive_background,fact_set,主要管理人员履历,topic_harness,主要管理人员履历,required_fields_complete | minimum_sources | direct_support,,er_governance,paragraph,source_policy_v1,CURRENT_AS_OF_WITH_24M_CHANGES,required_body,paragraph,write_not_found,NONE,,,body,,,CONFIRMED,"CONFIRMED：由 v1 维度「主要管理人员履历」固化，以 fact_set 形态独立研究，覆盖 ['required_fields_complete', 'minimum_sources', 'direct_support']，证据 ['er_governance']（['company_industry']），主槽位 co-h6；可独立核验，无需额外业务裁决",,,治理结构、内控、管理层稳定性及主要管理人员履历,治理结构与内控 | 管理层稳定性 | 主要管理人员履历,split,v1 的 3 个 required_aspects 拆为 4 个独立 required_body aspect（治理结构与内控→2、管理层稳定性→1、主要管理人员履历→1），各自可独立研究/核验/成缺口。,主要管理人员履历,主要管理人员履历,以 fact_set 形态独立研究，required_fields=['主要管理人员履历']，可独立核验/成缺口,"覆盖规则 ['required_fields_complete', 'minimum_sources', 'direct_support']（producer_kind=topic_harness，集合锚点 无）",不保留 search_audit：普通正向事实或财务/派生/synth，不机械要求检索审计,证据 ['er_governance']：evidence_kind=['paragraph']，source_classes=['company_industry']，minimum_sources=[1],primary:co-h6,主槽位落在 co-h6（公司 H2 正文），与 producer_kind=topic_harness 目标 Writer 章节一致
company,company_legal_risks,company_litigation,重大诉讼、仲裁、行政/监管处罚、失信等信用事件、债务逾期、债务违约、破产/重整、退市风险，以及检索范围与截止日期,topic_harness,company_litigation.major_litigation,event_set,重大诉讼,topic_harness,事件类别 | 日期 | 涉及主体 | 当前状态 | 来源和检索范围,required_fields_complete | minimum_sources | direct_support | search_audit,扩展字段（金额或规模/进展/处理结果/影响）未披露时记录字段级 gap，不得丢弃整个已验证事件,er_litigation,paragraph,source_policy_v1,RECENT_24M_WITH_OPEN_TAIL,required_body,risk_note,write_not_found,NONE,,,body,,,CONFIRMED,"CONFIRMED：由 v1 维度「重大诉讼与处罚」固化，以 event_set 形态独立研究，覆盖 ['required_fields_complete', 'minimum_sources', 'direct_support', 'search_audit']，证据 ['er_litigation']（['company_industry', 'external']），主槽位 co-h8；可独立核验，无需额外业务裁决",,,重大诉讼、违约、处罚、失信与退市风险（无发现也须记录检索范围与截止日期）,重大诉讼与处罚 | 失信与退市风险 | 检索范围与截止日期,split,v1 的 3 个 required_aspects 拆为 9 个独立 required_body aspect（重大诉讼与处罚→3、失信与退市风险→5、检索范围与截止日期→1），各自可独立研究/核验/成缺口。,重大诉讼与处罚,重大诉讼,"以 event_set 形态独立研究，required_fields=['事件类别', '日期', '涉及主体', '当前状态', '来源和检索范围']，可独立核验/成缺口","覆盖规则 ['required_fields_complete', 'minimum_sources', 'direct_support', 'search_audit']（producer_kind=topic_harness，集合锚点 扩展字段（金额或规模/进展/处理结果/影响）未披露时记录字段级 gap，不得丢弃整个已验证事件）",保留 search_audit：负面核验/not_found/集合完整性/外部时效需记录检索范围与截止日期,"证据 ['er_litigation']：evidence_kind=['paragraph']，source_classes=['company_industry', 'external']，minimum_sources=[1]",primary:co-h8,主槽位落在 co-h8（公司 H2 正文），与 producer_kind=topic_harness 目标 Writer 章节一致
company,company_legal_risks,company_litigation,重大诉讼、仲裁、行政/监管处罚、失信等信用事件、债务逾期、债务违约、破产/重整、退市风险，以及检索范围与截止日期,topic_harness,company_litigation.arbitration,event_set,仲裁,topic_harness,事件类别 | 日期 | 涉及主体 | 当前状态 | 来源和检索范围,required_fields_complete | minimum_sources | direct_support | search_audit,扩展字段未披露时记录字段级 gap,er_litigation,paragraph,source_policy_v1,RECENT_24M_WITH_OPEN_TAIL,required_body,risk_note,write_not_found,NONE,,,body,,,CONFIRMED,"CONFIRMED：由 v1 维度「重大诉讼与处罚」固化，以 event_set 形态独立研究，覆盖 ['required_fields_complete', 'minimum_sources', 'direct_support', 'search_audit']，证据 ['er_litigation']（['company_industry', 'external']），主槽位 co-h8；可独立核验，无需额外业务裁决",,,重大诉讼、违约、处罚、失信与退市风险（无发现也须记录检索范围与截止日期）,重大诉讼与处罚 | 失信与退市风险 | 检索范围与截止日期,split,v1 的 3 个 required_aspects 拆为 9 个独立 required_body aspect（重大诉讼与处罚→3、失信与退市风险→5、检索范围与截止日期→1），各自可独立研究/核验/成缺口。,重大诉讼与处罚,仲裁,"以 event_set 形态独立研究，required_fields=['事件类别', '日期', '涉及主体', '当前状态', '来源和检索范围']，可独立核验/成缺口","覆盖规则 ['required_fields_complete', 'minimum_sources', 'direct_support', 'search_audit']（producer_kind=topic_harness，集合锚点 扩展字段未披露时记录字段级 gap）",保留 search_audit：负面核验/not_found/集合完整性/外部时效需记录检索范围与截止日期,"证据 ['er_litigation']：evidence_kind=['paragraph']，source_classes=['company_industry', 'external']，minimum_sources=[1]",primary:co-h8,主槽位落在 co-h8（公司 H2 正文），与 producer_kind=topic_harness 目标 Writer 章节一致
company,company_legal_risks,company_litigation,重大诉讼、仲裁、行政/监管处罚、失信等信用事件、债务逾期、债务违约、破产/重整、退市风险，以及检索范围与截止日期,topic_harness,company_litigation.regulatory_penalty,event_set,行政/监管处罚,topic_harness,事件类别 | 日期 | 涉及主体 | 当前状态 | 来源和检索范围,required_fields_complete | minimum_sources | direct_support | search_audit,扩展字段未披露时记录字段级 gap,er_litigation,paragraph,source_policy_v1,RECENT_24M_WITH_OPEN_TAIL,required_body,risk_note,write_not_found,NONE,,,body,,,CONFIRMED,"CONFIRMED：由 v1 维度「重大诉讼与处罚」固化，以 event_set 形态独立研究，覆盖 ['required_fields_complete', 'minimum_sources', 'direct_support', 'search_audit']，证据 ['er_litigation']（['company_industry', 'external']），主槽位 co-h8；可独立核验，无需额外业务裁决",,,重大诉讼、违约、处罚、失信与退市风险（无发现也须记录检索范围与截止日期）,重大诉讼与处罚 | 失信与退市风险 | 检索范围与截止日期,split,v1 的 3 个 required_aspects 拆为 9 个独立 required_body aspect（重大诉讼与处罚→3、失信与退市风险→5、检索范围与截止日期→1），各自可独立研究/核验/成缺口。,重大诉讼与处罚,行政/监管处罚,"以 event_set 形态独立研究，required_fields=['事件类别', '日期', '涉及主体', '当前状态', '来源和检索范围']，可独立核验/成缺口","覆盖规则 ['required_fields_complete', 'minimum_sources', 'direct_support', 'search_audit']（producer_kind=topic_harness，集合锚点 扩展字段未披露时记录字段级 gap）",保留 search_audit：负面核验/not_found/集合完整性/外部时效需记录检索范围与截止日期,"证据 ['er_litigation']：evidence_kind=['paragraph']，source_classes=['company_industry', 'external']，minimum_sources=[1]",primary:co-h8,主槽位落在 co-h8（公司 H2 正文），与 producer_kind=topic_harness 目标 Writer 章节一致
company,company_legal_risks,company_litigation,重大诉讼、仲裁、行政/监管处罚、失信等信用事件、债务逾期、债务违约、破产/重整、退市风险，以及检索范围与截止日期,topic_harness,company_litigation.credit_events,event_set,失信/被执行/限制消费等信用事件,topic_harness,事件类别 | 日期 | 涉及主体 | 当前状态 | 来源和检索范围,required_fields_complete | minimum_sources | direct_support | search_audit,扩展字段未披露时记录字段级 gap,er_litigation,paragraph,source_policy_v1,RECENT_24M_WITH_OPEN_TAIL,required_body,risk_note,write_not_found,NONE,,,body,,,CONFIRMED,"CONFIRMED：由 v1 维度「失信与退市风险」固化，以 event_set 形态独立研究，覆盖 ['required_fields_complete', 'minimum_sources', 'direct_support', 'search_audit']，证据 ['er_litigation']（['company_industry', 'external']），主槽位 co-h8；可独立核验，无需额外业务裁决",,,重大诉讼、违约、处罚、失信与退市风险（无发现也须记录检索范围与截止日期）,重大诉讼与处罚 | 失信与退市风险 | 检索范围与截止日期,split,v1 的 3 个 required_aspects 拆为 9 个独立 required_body aspect（重大诉讼与处罚→3、失信与退市风险→5、检索范围与截止日期→1），各自可独立研究/核验/成缺口。,失信与退市风险,失信/被执行/限制消费等信用事件,"以 event_set 形态独立研究，required_fields=['事件类别', '日期', '涉及主体', '当前状态', '来源和检索范围']，可独立核验/成缺口","覆盖规则 ['required_fields_complete', 'minimum_sources', 'direct_support', 'search_audit']（producer_kind=topic_harness，集合锚点 扩展字段未披露时记录字段级 gap）",保留 search_audit：负面核验/not_found/集合完整性/外部时效需记录检索范围与截止日期,"证据 ['er_litigation']：evidence_kind=['paragraph']，source_classes=['company_industry', 'external']，minimum_sources=[1]",primary:co-h8,主槽位落在 co-h8（公司 H2 正文），与 producer_kind=topic_harness 目标 Writer 章节一致
company,company_legal_risks,company_litigation,重大诉讼、仲裁、行政/监管处罚、失信等信用事件、债务逾期、债务违约、破产/重整、退市风险，以及检索范围与截止日期,topic_harness,company_litigation.debt_overdue,event_set,债务逾期,topic_harness,事件类别 | 日期 | 涉及主体 | 当前状态 | 来源和检索范围,required_fields_complete | minimum_sources | direct_support | search_audit,扩展字段未披露时记录字段级 gap,er_litigation,paragraph,source_policy_v1,RECENT_24M_WITH_OPEN_TAIL,required_body,risk_note,write_not_found,NONE,,,body,,,CONFIRMED,"CONFIRMED：由 v1 维度「失信与退市风险」固化，以 event_set 形态独立研究，覆盖 ['required_fields_complete', 'minimum_sources', 'direct_support', 'search_audit']，证据 ['er_litigation']（['company_industry', 'external']），主槽位 co-h8；可独立核验，无需额外业务裁决",,,重大诉讼、违约、处罚、失信与退市风险（无发现也须记录检索范围与截止日期）,重大诉讼与处罚 | 失信与退市风险 | 检索范围与截止日期,split,v1 的 3 个 required_aspects 拆为 9 个独立 required_body aspect（重大诉讼与处罚→3、失信与退市风险→5、检索范围与截止日期→1），各自可独立研究/核验/成缺口。,失信与退市风险,债务逾期,"以 event_set 形态独立研究，required_fields=['事件类别', '日期', '涉及主体', '当前状态', '来源和检索范围']，可独立核验/成缺口","覆盖规则 ['required_fields_complete', 'minimum_sources', 'direct_support', 'search_audit']（producer_kind=topic_harness，集合锚点 扩展字段未披露时记录字段级 gap）",保留 search_audit：负面核验/not_found/集合完整性/外部时效需记录检索范围与截止日期,"证据 ['er_litigation']：evidence_kind=['paragraph']，source_classes=['company_industry', 'external']，minimum_sources=[1]",primary:co-h8,主槽位落在 co-h8（公司 H2 正文），与 producer_kind=topic_harness 目标 Writer 章节一致
company,company_legal_risks,company_litigation,重大诉讼、仲裁、行政/监管处罚、失信等信用事件、债务逾期、债务违约、破产/重整、退市风险，以及检索范围与截止日期,topic_harness,company_litigation.debt_default,event_set,债务违约,topic_harness,事件类别 | 日期 | 涉及主体 | 当前状态 | 来源和检索范围,required_fields_complete | minimum_sources | direct_support | search_audit,扩展字段未披露时记录字段级 gap,er_litigation,paragraph,source_policy_v1,RECENT_24M_WITH_OPEN_TAIL,required_body,risk_note,write_not_found,NONE,,,body,,,CONFIRMED,"CONFIRMED：由 v1 维度「失信与退市风险」固化，以 event_set 形态独立研究，覆盖 ['required_fields_complete', 'minimum_sources', 'direct_support', 'search_audit']，证据 ['er_litigation']（['company_industry', 'external']），主槽位 co-h8；可独立核验，无需额外业务裁决",,,重大诉讼、违约、处罚、失信与退市风险（无发现也须记录检索范围与截止日期）,重大诉讼与处罚 | 失信与退市风险 | 检索范围与截止日期,split,v1 的 3 个 required_aspects 拆为 9 个独立 required_body aspect（重大诉讼与处罚→3、失信与退市风险→5、检索范围与截止日期→1），各自可独立研究/核验/成缺口。,失信与退市风险,债务违约,"以 event_set 形态独立研究，required_fields=['事件类别', '日期', '涉及主体', '当前状态', '来源和检索范围']，可独立核验/成缺口","覆盖规则 ['required_fields_complete', 'minimum_sources', 'direct_support', 'search_audit']（producer_kind=topic_harness，集合锚点 扩展字段未披露时记录字段级 gap）",保留 search_audit：负面核验/not_found/集合完整性/外部时效需记录检索范围与截止日期,"证据 ['er_litigation']：evidence_kind=['paragraph']，source_classes=['company_industry', 'external']，minimum_sources=[1]",primary:co-h8,主槽位落在 co-h8（公司 H2 正文），与 producer_kind=topic_harness 目标 Writer 章节一致
company,company_legal_risks,company_litigation,重大诉讼、仲裁、行政/监管处罚、失信等信用事件、债务逾期、债务违约、破产/重整、退市风险，以及检索范围与截止日期,topic_harness,company_litigation.bankruptcy_restructuring,event_set,破产/重整/重大持续经营风险,topic_harness,事件类别 | 日期 | 涉及主体 | 当前状态 | 来源和检索范围,required_fields_complete | minimum_sources | direct_support | search_audit,扩展字段未披露时记录字段级 gap,er_litigation,paragraph,source_policy_v1,RECENT_24M_WITH_OPEN_TAIL,required_body,risk_note,write_not_found,NONE,,,body,,,CONFIRMED,"CONFIRMED：由 v1 维度「失信与退市风险」固化，以 event_set 形态独立研究，覆盖 ['required_fields_complete', 'minimum_sources', 'direct_support', 'search_audit']，证据 ['er_litigation']（['company_industry', 'external']），主槽位 co-h8；可独立核验，无需额外业务裁决",,,重大诉讼、违约、处罚、失信与退市风险（无发现也须记录检索范围与截止日期）,重大诉讼与处罚 | 失信与退市风险 | 检索范围与截止日期,split,v1 的 3 个 required_aspects 拆为 9 个独立 required_body aspect（重大诉讼与处罚→3、失信与退市风险→5、检索范围与截止日期→1），各自可独立研究/核验/成缺口。,失信与退市风险,破产/重整/重大持续经营风险,"以 event_set 形态独立研究，required_fields=['事件类别', '日期', '涉及主体', '当前状态', '来源和检索范围']，可独立核验/成缺口","覆盖规则 ['required_fields_complete', 'minimum_sources', 'direct_support', 'search_audit']（producer_kind=topic_harness，集合锚点 扩展字段未披露时记录字段级 gap）",保留 search_audit：负面核验/not_found/集合完整性/外部时效需记录检索范围与截止日期,"证据 ['er_litigation']：evidence_kind=['paragraph']，source_classes=['company_industry', 'external']，minimum_sources=[1]",primary:co-h8,主槽位落在 co-h8（公司 H2 正文），与 producer_kind=topic_harness 目标 Writer 章节一致
company,company_legal_risks,company_litigation,重大诉讼、仲裁、行政/监管处罚、失信等信用事件、债务逾期、债务违约、破产/重整、退市风险，以及检索范围与截止日期,topic_harness,company_litigation.delisting_regulatory,event_set,退市/重大上市监管状态,topic_harness,事件类别 | 日期 | 涉及主体 | 当前状态 | 来源和检索范围,required_fields_complete | minimum_sources | direct_support | search_audit,扩展字段未披露时记录字段级 gap,er_litigation,paragraph,source_policy_v1,RECENT_24M_WITH_OPEN_TAIL,required_body,risk_note,write_not_found,NONE,,,body,,,CONFIRMED,"CONFIRMED：由 v1 维度「失信与退市风险」固化，以 event_set 形态独立研究，覆盖 ['required_fields_complete', 'minimum_sources', 'direct_support', 'search_audit']，证据 ['er_litigation']（['company_industry', 'external']），主槽位 co-h8；可独立核验，无需额外业务裁决",,,重大诉讼、违约、处罚、失信与退市风险（无发现也须记录检索范围与截止日期）,重大诉讼与处罚 | 失信与退市风险 | 检索范围与截止日期,split,v1 的 3 个 required_aspects 拆为 9 个独立 required_body aspect（重大诉讼与处罚→3、失信与退市风险→5、检索范围与截止日期→1），各自可独立研究/核验/成缺口。,失信与退市风险,退市/重大上市监管状态,"以 event_set 形态独立研究，required_fields=['事件类别', '日期', '涉及主体', '当前状态', '来源和检索范围']，可独立核验/成缺口","覆盖规则 ['required_fields_complete', 'minimum_sources', 'direct_support', 'search_audit']（producer_kind=topic_harness，集合锚点 扩展字段未披露时记录字段级 gap）",保留 search_audit：负面核验/not_found/集合完整性/外部时效需记录检索范围与截止日期,"证据 ['er_litigation']：evidence_kind=['paragraph']，source_classes=['company_industry', 'external']，minimum_sources=[1]",primary:co-h8,主槽位落在 co-h8（公司 H2 正文），与 producer_kind=topic_harness 目标 Writer 章节一致
company,company_legal_risks,company_litigation,重大诉讼、仲裁、行政/监管处罚、失信等信用事件、债务逾期、债务违约、破产/重整、退市风险，以及检索范围与截止日期,topic_harness,company_litigation.search_scope_cutoff,search_audit,检索范围与截止日期,topic_harness,检索范围 | 截止日期,required_fields_complete | search_audit,,er_litigation,paragraph,source_policy_v1,RECENT_24M_WITH_OPEN_TAIL,required_body,search_scope_note,write_not_found,NONE,,,body,,,CONFIRMED,"CONFIRMED：由 v1 维度「检索范围与截止日期」固化，以 search_audit 形态独立研究，覆盖 ['required_fields_complete', 'search_audit']，证据 ['er_litigation']（['company_industry', 'external']），主槽位 co-h8；可独立核验，无需额外业务裁决",,,重大诉讼、违约、处罚、失信与退市风险（无发现也须记录检索范围与截止日期）,重大诉讼与处罚 | 失信与退市风险 | 检索范围与截止日期,split,v1 的 3 个 required_aspects 拆为 9 个独立 required_body aspect（重大诉讼与处罚→3、失信与退市风险→5、检索范围与截止日期→1），各自可独立研究/核验/成缺口。,检索范围与截止日期,检索范围与截止日期,"以 search_audit 形态独立研究，required_fields=['检索范围', '截止日期']，可独立核验/成缺口","覆盖规则 ['required_fields_complete', 'search_audit']（producer_kind=topic_harness，集合锚点 无）",保留 search_audit：负面核验/not_found/集合完整性/外部时效需记录检索范围与截止日期,"证据 ['er_litigation']：evidence_kind=['paragraph']，source_classes=['company_industry', 'external']，minimum_sources=[1]",primary:co-h8,主槽位落在 co-h8（公司 H2 正文），与 producer_kind=topic_harness 目标 Writer 章节一致
company,company_legal_risks,company_related_transactions,关联采购、关联销售、关联担保、关联交易占比、合规性,topic_harness,company_related_transactions.related_procurement,fact_set,关联采购,topic_harness,关联采购,required_fields_complete | minimum_sources | direct_support,,er_related,paragraph,source_policy_v1,CURRENT_AS_OF_WITH_24M_CHANGES,required_body,paragraph,write_not_found,NONE,,,body,,,CONFIRMED,"CONFIRMED：由 v1 维度「关联采购销售担保」固化，以 fact_set 形态独立研究，覆盖 ['required_fields_complete', 'minimum_sources', 'direct_support']，证据 ['er_related']（['company_industry']），主槽位 co-h6；可独立核验，无需额外业务裁决",,,关联交易（采购/销售/担保）的合规性与占比,关联采购销售担保 | 关联交易占比 | 合规性,split,v1 的 3 个 required_aspects 拆为 5 个独立 required_body aspect（关联采购销售担保→3、关联交易占比→1、合规性→1），各自可独立研究/核验/成缺口。,关联采购销售担保,关联采购,以 fact_set 形态独立研究，required_fields=['关联采购']，可独立核验/成缺口,"覆盖规则 ['required_fields_complete', 'minimum_sources', 'direct_support']（producer_kind=topic_harness，集合锚点 无）",不保留 search_audit：普通正向事实或财务/派生/synth，不机械要求检索审计,证据 ['er_related']：evidence_kind=['paragraph']，source_classes=['company_industry']，minimum_sources=[1],primary:co-h6,主槽位落在 co-h6（公司 H2 正文），与 producer_kind=topic_harness 目标 Writer 章节一致
company,company_legal_risks,company_related_transactions,关联采购、关联销售、关联担保、关联交易占比、合规性,topic_harness,company_related_transactions.related_sales,fact_set,关联销售,topic_harness,关联销售,required_fields_complete | minimum_sources | direct_support,,er_related,paragraph,source_policy_v1,CURRENT_AS_OF_WITH_24M_CHANGES,required_body,paragraph,write_not_found,NONE,,,body,,,CONFIRMED,"CONFIRMED：由 v1 维度「关联采购销售担保」固化，以 fact_set 形态独立研究，覆盖 ['required_fields_complete', 'minimum_sources', 'direct_support']，证据 ['er_related']（['company_industry']），主槽位 co-h6；可独立核验，无需额外业务裁决",,,关联交易（采购/销售/担保）的合规性与占比,关联采购销售担保 | 关联交易占比 | 合规性,split,v1 的 3 个 required_aspects 拆为 5 个独立 required_body aspect（关联采购销售担保→3、关联交易占比→1、合规性→1），各自可独立研究/核验/成缺口。,关联采购销售担保,关联销售,以 fact_set 形态独立研究，required_fields=['关联销售']，可独立核验/成缺口,"覆盖规则 ['required_fields_complete', 'minimum_sources', 'direct_support']（producer_kind=topic_harness，集合锚点 无）",不保留 search_audit：普通正向事实或财务/派生/synth，不机械要求检索审计,证据 ['er_related']：evidence_kind=['paragraph']，source_classes=['company_industry']，minimum_sources=[1],primary:co-h6,主槽位落在 co-h6（公司 H2 正文），与 producer_kind=topic_harness 目标 Writer 章节一致
company,company_legal_risks,company_related_transactions,关联采购、关联销售、关联担保、关联交易占比、合规性,topic_harness,company_related_transactions.related_guarantee,fact_set,关联担保,topic_harness,关联担保,required_fields_complete | minimum_sources | direct_support,,er_related,paragraph,source_policy_v1,CURRENT_AS_OF_WITH_24M_CHANGES,required_body,paragraph,write_not_found,NONE,,,body,,,CONFIRMED,"CONFIRMED：由 v1 维度「关联采购销售担保」固化，以 fact_set 形态独立研究，覆盖 ['required_fields_complete', 'minimum_sources', 'direct_support']，证据 ['er_related']（['company_industry']），主槽位 co-h6；可独立核验，无需额外业务裁决",,,关联交易（采购/销售/担保）的合规性与占比,关联采购销售担保 | 关联交易占比 | 合规性,split,v1 的 3 个 required_aspects 拆为 5 个独立 required_body aspect（关联采购销售担保→3、关联交易占比→1、合规性→1），各自可独立研究/核验/成缺口。,关联采购销售担保,关联担保,以 fact_set 形态独立研究，required_fields=['关联担保']，可独立核验/成缺口,"覆盖规则 ['required_fields_complete', 'minimum_sources', 'direct_support']（producer_kind=topic_harness，集合锚点 无）",不保留 search_audit：普通正向事实或财务/派生/synth，不机械要求检索审计,证据 ['er_related']：evidence_kind=['paragraph']，source_classes=['company_industry']，minimum_sources=[1],primary:co-h6,主槽位落在 co-h6（公司 H2 正文），与 producer_kind=topic_harness 目标 Writer 章节一致
company,company_legal_risks,company_related_transactions,关联采购、关联销售、关联担保、关联交易占比、合规性,topic_harness,company_related_transactions.related_ratio,fact_set,关联交易占比,topic_harness,关联交易占比,required_fields_complete | minimum_sources | direct_support,,er_related,paragraph,source_policy_v1,THREE_YEARS_PLUS_LATEST,required_body,paragraph,write_not_found,NONE,,,body,,,CONFIRMED,"CONFIRMED：由 v1 维度「关联交易占比」固化，以 fact_set 形态独立研究，覆盖 ['required_fields_complete', 'minimum_sources', 'direct_support']，证据 ['er_related']（['company_industry']），主槽位 co-h6；可独立核验，无需额外业务裁决",,,关联交易（采购/销售/担保）的合规性与占比,关联采购销售担保 | 关联交易占比 | 合规性,split,v1 的 3 个 required_aspects 拆为 5 个独立 required_body aspect（关联采购销售担保→3、关联交易占比→1、合规性→1），各自可独立研究/核验/成缺口。,关联交易占比,关联交易占比,以 fact_set 形态独立研究，required_fields=['关联交易占比']，可独立核验/成缺口,"覆盖规则 ['required_fields_complete', 'minimum_sources', 'direct_support']（producer_kind=topic_harness，集合锚点 无）",不保留 search_audit：普通正向事实或财务/派生/synth，不机械要求检索审计,证据 ['er_related']：evidence_kind=['paragraph']，source_classes=['company_industry']，minimum_sources=[1],primary:co-h6,主槽位落在 co-h6（公司 H2 正文），与 producer_kind=topic_harness 目标 Writer 章节一致
company,company_legal_risks,company_related_transactions,关联采购、关联销售、关联担保、关联交易占比、合规性,topic_harness,company_related_transactions.related_compliance,fact_set,关联交易合规性,topic_harness,合规性,required_fields_complete | minimum_sources | direct_support,,er_related,paragraph,source_policy_v1,CURRENT_AS_OF_WITH_24M_CHANGES,required_body,paragraph,write_not_found,NONE,,,body,,,CONFIRMED,"CONFIRMED：由 v1 维度「合规性」固化，以 fact_set 形态独立研究，覆盖 ['required_fields_complete', 'minimum_sources', 'direct_support']，证据 ['er_related']（['company_industry']），主槽位 co-h6；可独立核验，无需额外业务裁决",,,关联交易（采购/销售/担保）的合规性与占比,关联采购销售担保 | 关联交易占比 | 合规性,split,v1 的 3 个 required_aspects 拆为 5 个独立 required_body aspect（关联采购销售担保→3、关联交易占比→1、合规性→1），各自可独立研究/核验/成缺口。,合规性,关联交易合规性,以 fact_set 形态独立研究，required_fields=['合规性']，可独立核验/成缺口,"覆盖规则 ['required_fields_complete', 'minimum_sources', 'direct_support']（producer_kind=topic_harness，集合锚点 无）",不保留 search_audit：普通正向事实或财务/派生/synth，不机械要求检索审计,证据 ['er_related']：evidence_kind=['paragraph']，source_classes=['company_industry']，minimum_sources=[1],primary:co-h6,主槽位落在 co-h6（公司 H2 正文），与 producer_kind=topic_harness 目标 Writer 章节一致
company,company_legal_risks,company_pledge_sentiment,股权质押情况、舆情,topic_harness,company_pledge_sentiment.share_pledge,event_set,股权质押情况,topic_harness,事件类别 | 日期 | 涉及主体 | 当前状态 | 来源和检索范围,required_fields_complete | minimum_sources | direct_support | search_audit,扩展字段（质押比例/规模/影响）未披露时记录字段级 gap,er_pledge,paragraph,source_policy_v1,RECENT_24M_WITH_OPEN_TAIL,required_body,risk_note,write_not_found,NONE,,,body,,,CONFIRMED,"CONFIRMED：由 v1 维度「股权质押情况」固化，以 event_set 形态独立研究，覆盖 ['required_fields_complete', 'minimum_sources', 'direct_support', 'search_audit']，证据 ['er_pledge']（['company_industry', 'external']），主槽位 co-h2；可独立核验，无需额外业务裁决",,,股权质押与舆情,股权质押情况 | 舆情,unchanged,v1 required_aspects 固化为稳定 aspect_id，无语义变更（不拆分）。,股权质押情况,股权质押情况,"以 event_set 形态独立研究，required_fields=['事件类别', '日期', '涉及主体', '当前状态', '来源和检索范围']，可独立核验/成缺口","覆盖规则 ['required_fields_complete', 'minimum_sources', 'direct_support', 'search_audit']（producer_kind=topic_harness，集合锚点 扩展字段（质押比例/规模/影响）未披露时记录字段级 gap）",保留 search_audit：负面核验/not_found/集合完整性/外部时效需记录检索范围与截止日期,"证据 ['er_pledge']：evidence_kind=['paragraph']，source_classes=['company_industry', 'external']，minimum_sources=[1]",primary:co-h2,主槽位落在 co-h2（公司 H2 正文），与 producer_kind=topic_harness 目标 Writer 章节一致
company,company_legal_risks,company_pledge_sentiment,股权质押情况、舆情,topic_harness,company_pledge_sentiment.public_opinion,event_set,重大舆情,topic_harness,事件类别 | 日期 | 涉及主体 | 当前状态 | 来源和检索范围,required_fields_complete | minimum_sources | direct_support | search_audit,扩展字段未披露时记录字段级 gap,er_pledge,paragraph,source_policy_v1,RECENT_24M_WITH_OPEN_TAIL,required_body,risk_note,write_not_found,NONE,,,body,,,CONFIRMED,"CONFIRMED：由 v1 维度「舆情」固化，以 event_set 形态独立研究，覆盖 ['required_fields_complete', 'minimum_sources', 'direct_support', 'search_audit']，证据 ['er_pledge']（['company_industry', 'external']），主槽位 co-h8；可独立核验，无需额外业务裁决",,,股权质押与舆情,股权质押情况 | 舆情,unchanged,v1 required_aspects 固化为稳定 aspect_id，无语义变更（不拆分）。,舆情,重大舆情,"以 event_set 形态独立研究，required_fields=['事件类别', '日期', '涉及主体', '当前状态', '来源和检索范围']，可独立核验/成缺口","覆盖规则 ['required_fields_complete', 'minimum_sources', 'direct_support', 'search_audit']（producer_kind=topic_harness，集合锚点 扩展字段未披露时记录字段级 gap）",保留 search_audit：负面核验/not_found/集合完整性/外部时效需记录检索范围与截止日期,"证据 ['er_pledge']：evidence_kind=['paragraph']，source_classes=['company_industry', 'external']，minimum_sources=[1]",primary:co-h8,主槽位落在 co-h8（公司 H2 正文），与 producer_kind=topic_harness 目标 Writer 章节一致
company,company_debt,company_debt_credit,公司整体授信额度、已用额度、未用额度,topic_harness,company_debt_credit.total_credit_line,fact_set,公司整体授信额度,topic_harness,整体授信额度,required_fields_complete | minimum_sources | direct_support,,er_debt,field,source_policy_v1,CURRENT_AS_OF_WITH_24M_CHANGES,required_body,paragraph_and_table,transfer_human,REPORT_BLOCKED,,solvency,body,,,CONFIRMED,"CONFIRMED：由 v1 维度「公司整体授信额度及使用情况」固化，以 fact_set 形态独立研究，覆盖 ['required_fields_complete', 'minimum_sources', 'direct_support']，证据 ['er_debt']（['company_industry', 'structured_db']），主槽位 co-h7；可独立核验，无需额外业务裁决",,,授信额度及已用规模；材料明显缺失无法核实时不生成对应偿债结论,公司整体授信额度及使用情况,split,v1 的 1 个 required_aspects 拆为 3 个独立 required_body aspect（公司整体授信额度及使用情况→3），各自可独立研究/核验/成缺口。,公司整体授信额度及使用情况,公司整体授信额度,以 fact_set 形态独立研究，required_fields=['整体授信额度']，可独立核验/成缺口,"覆盖规则 ['required_fields_complete', 'minimum_sources', 'direct_support']（producer_kind=topic_harness，集合锚点 无）",不保留 search_audit：普通正向事实或财务/派生/synth，不机械要求检索审计,"证据 ['er_debt']：evidence_kind=['field']，source_classes=['company_industry', 'structured_db']，minimum_sources=[1]",primary:co-h7; secondary:co-h8,主槽位落在 co-h7（公司 H2 正文），与 producer_kind=topic_harness 目标 Writer 章节一致
company,company_debt,company_debt_credit,公司整体授信额度、已用额度、未用额度,topic_harness,company_debt_credit.used_credit,fact_set,已用授信额度,topic_harness,已用额度,required_fields_complete | minimum_sources | direct_support,,er_debt,field,source_policy_v1,CURRENT_AS_OF_WITH_24M_CHANGES,required_body,paragraph_and_table,transfer_human,REPORT_BLOCKED,,solvency,body,,,CONFIRMED,"CONFIRMED：由 v1 维度「公司整体授信额度及使用情况」固化，以 fact_set 形态独立研究，覆盖 ['required_fields_complete', 'minimum_sources', 'direct_support']，证据 ['er_debt']（['company_industry', 'structured_db']），主槽位 co-h7；可独立核验，无需额外业务裁决",,,授信额度及已用规模；材料明显缺失无法核实时不生成对应偿债结论,公司整体授信额度及使用情况,split,v1 的 1 个 required_aspects 拆为 3 个独立 required_body aspect（公司整体授信额度及使用情况→3），各自可独立研究/核验/成缺口。,公司整体授信额度及使用情况,已用授信额度,以 fact_set 形态独立研究，required_fields=['已用额度']，可独立核验/成缺口,"覆盖规则 ['required_fields_complete', 'minimum_sources', 'direct_support']（producer_kind=topic_harness，集合锚点 无）",不保留 search_audit：普通正向事实或财务/派生/synth，不机械要求检索审计,"证据 ['er_debt']：evidence_kind=['field']，source_classes=['company_industry', 'structured_db']，minimum_sources=[1]",primary:co-h7; secondary:co-h8,主槽位落在 co-h7（公司 H2 正文），与 producer_kind=topic_harness 目标 Writer 章节一致
company,company_debt,company_debt_credit,公司整体授信额度、已用额度、未用额度,topic_harness,company_debt_credit.unused_credit,fact_set,未用授信额度,topic_harness,未用额度,required_fields_complete | minimum_sources | direct_support,,er_debt,field,source_policy_v1,CURRENT_AS_OF_WITH_24M_CHANGES,required_body,paragraph_and_table,transfer_human,REPORT_BLOCKED,,solvency,body,,,CONFIRMED,"CONFIRMED：由 v1 维度「公司整体授信额度及使用情况」固化，以 fact_set 形态独立研究，覆盖 ['required_fields_complete', 'minimum_sources', 'direct_support']，证据 ['er_debt']（['company_industry', 'structured_db']），主槽位 co-h7；可独立核验，无需额外业务裁决",,,授信额度及已用规模；材料明显缺失无法核实时不生成对应偿债结论,公司整体授信额度及使用情况,split,v1 的 1 个 required_aspects 拆为 3 个独立 required_body aspect（公司整体授信额度及使用情况→3），各自可独立研究/核验/成缺口。,公司整体授信额度及使用情况,未用授信额度,以 fact_set 形态独立研究，required_fields=['未用额度']，可独立核验/成缺口,"覆盖规则 ['required_fields_complete', 'minimum_sources', 'direct_support']（producer_kind=topic_harness，集合锚点 无）",不保留 search_audit：普通正向事实或财务/派生/synth，不机械要求检索审计,"证据 ['er_debt']：evidence_kind=['field']，source_classes=['company_industry', 'structured_db']，minimum_sources=[1]",primary:co-h7; secondary:co-h8,主槽位落在 co-h7（公司 H2 正文），与 producer_kind=topic_harness 目标 Writer 章节一致
company,company_debt,company_debt_guarantee,发债情况、金融机构借款、债务期限结构、对外担保余额、担保范围口径与报告期,topic_harness,company_debt_guarantee.bond_issuance,fact_set,发债情况,topic_harness,发债余额 | 期限 | 利率,required_fields_complete | minimum_sources | direct_support,,er_debt,field,source_policy_v1,CURRENT_AS_OF_WITH_24M_CHANGES,required_body,paragraph_and_table,transfer_human,REPORT_BLOCKED,,solvency,body,,,CONFIRMED,"CONFIRMED：由 v1 维度「发债情况」固化，以 fact_set 形态独立研究，覆盖 ['required_fields_complete', 'minimum_sources', 'direct_support']，证据 ['er_debt']（['company_industry', 'structured_db']），主槽位 co-h7；可独立核验，无需额外业务裁决",,,发债、金融机构借款和对外担保（结构化表格呈现）；材料明显缺失无法核实时不生成对应偿债结论,发债情况 | 金融机构借款 | 公司整体对外担保余额 | 担保范围口径与报告期,split,v1 的 4 个 required_aspects 拆为 5 个独立 required_body aspect（发债情况→2、金融机构借款→1、公司整体对外担保余额→1、担保范围口径与报告期→1），各自可独立研究/核验/成缺口。,发债情况,发债情况,"以 fact_set 形态独立研究，required_fields=['发债余额', '期限', '利率']，可独立核验/成缺口","覆盖规则 ['required_fields_complete', 'minimum_sources', 'direct_support']（producer_kind=topic_harness，集合锚点 无）",不保留 search_audit：普通正向事实或财务/派生/synth，不机械要求检索审计,"证据 ['er_debt']：evidence_kind=['field']，source_classes=['company_industry', 'structured_db']，minimum_sources=[1]",primary:co-h7,主槽位落在 co-h7（公司 H2 正文），与 producer_kind=topic_harness 目标 Writer 章节一致
company,company_debt,company_debt_guarantee,发债情况、金融机构借款、债务期限结构、对外担保余额、担保范围口径与报告期,topic_harness,company_debt_guarantee.financial_institution_loans,fact_set,金融机构借款,topic_harness,借款余额 | 期限 | 担保方式,required_fields_complete | minimum_sources | direct_support,,er_debt,field,source_policy_v1,CURRENT_AS_OF_WITH_24M_CHANGES,required_body,paragraph_and_table,transfer_human,REPORT_BLOCKED,,solvency,body,,,CONFIRMED,"CONFIRMED：由 v1 维度「金融机构借款」固化，以 fact_set 形态独立研究，覆盖 ['required_fields_complete', 'minimum_sources', 'direct_support']，证据 ['er_debt']（['company_industry', 'structured_db']），主槽位 co-h7；可独立核验，无需额外业务裁决",,,发债、金融机构借款和对外担保（结构化表格呈现）；材料明显缺失无法核实时不生成对应偿债结论,发债情况 | 金融机构借款 | 公司整体对外担保余额 | 担保范围口径与报告期,split,v1 的 4 个 required_aspects 拆为 5 个独立 required_body aspect（发债情况→2、金融机构借款→1、公司整体对外担保余额→1、担保范围口径与报告期→1），各自可独立研究/核验/成缺口。,金融机构借款,金融机构借款,"以 fact_set 形态独立研究，required_fields=['借款余额', '期限', '担保方式']，可独立核验/成缺口","覆盖规则 ['required_fields_complete', 'minimum_sources', 'direct_support']（producer_kind=topic_harness，集合锚点 无）",不保留 search_audit：普通正向事实或财务/派生/synth，不机械要求检索审计,"证据 ['er_debt']：evidence_kind=['field']，source_classes=['company_industry', 'structured_db']，minimum_sources=[1]",primary:co-h7,主槽位落在 co-h7（公司 H2 正文），与 producer_kind=topic_harness 目标 Writer 章节一致
company,company_debt,company_debt_guarantee,发债情况、金融机构借款、债务期限结构、对外担保余额、担保范围口径与报告期,topic_harness,company_debt_guarantee.debt_maturity,fact_set,债务期限结构（以当前时点为准，突出未来 12 个月，必要时扩展至 24 个月）,topic_harness,未来12个月到期债务 | 期限结构,required_fields_complete | minimum_sources | direct_support,,er_debt,field,source_policy_v1,CURRENT_AS_OF_WITH_24M_CHANGES,required_body,paragraph_and_table,transfer_human,REPORT_BLOCKED,,solvency,body,,,CONFIRMED,"CONFIRMED：由 v1 维度「发债情况」固化，以 fact_set 形态独立研究，覆盖 ['required_fields_complete', 'minimum_sources', 'direct_support']，证据 ['er_debt']（['company_industry', 'structured_db']），主槽位 co-h7；可独立核验，无需额外业务裁决",,,发债、金融机构借款和对外担保（结构化表格呈现）；材料明显缺失无法核实时不生成对应偿债结论,发债情况 | 金融机构借款 | 公司整体对外担保余额 | 担保范围口径与报告期,split,v1 的 4 个 required_aspects 拆为 5 个独立 required_body aspect（发债情况→2、金融机构借款→1、公司整体对外担保余额→1、担保范围口径与报告期→1），各自可独立研究/核验/成缺口。,发债情况,债务期限结构（以当前时点为准，突出未来 12 个月，必要时扩展至 24 个月）,"以 fact_set 形态独立研究，required_fields=['未来12个月到期债务', '期限结构']，可独立核验/成缺口","覆盖规则 ['required_fields_complete', 'minimum_sources', 'direct_support']（producer_kind=topic_harness，集合锚点 无）",不保留 search_audit：普通正向事实或财务/派生/synth，不机械要求检索审计,"证据 ['er_debt']：evidence_kind=['field']，source_classes=['company_industry', 'structured_db']，minimum_sources=[1]",primary:co-h7,主槽位落在 co-h7（公司 H2 正文），与 producer_kind=topic_harness 目标 Writer 章节一致
company,company_debt,company_debt_guarantee,发债情况、金融机构借款、债务期限结构、对外担保余额、担保范围口径与报告期,topic_harness,company_debt_guarantee.external_guarantee_balance,fact_set,公司整体对外担保余额,topic_harness,对外担保余额,required_fields_complete | minimum_sources | direct_support,,er_debt,field,source_policy_v1,CURRENT_AS_OF_WITH_24M_CHANGES,required_body,paragraph_and_table,transfer_human,REPORT_BLOCKED,,solvency,body,,,CONFIRMED,"CONFIRMED：由 v1 维度「公司整体对外担保余额」固化，以 fact_set 形态独立研究，覆盖 ['required_fields_complete', 'minimum_sources', 'direct_support']，证据 ['er_debt']（['company_industry', 'structured_db']），主槽位 co-h7；可独立核验，无需额外业务裁决",,,发债、金融机构借款和对外担保（结构化表格呈现）；材料明显缺失无法核实时不生成对应偿债结论,发债情况 | 金融机构借款 | 公司整体对外担保余额 | 担保范围口径与报告期,split,v1 的 4 个 required_aspects 拆为 5 个独立 required_body aspect（发债情况→2、金融机构借款→1、公司整体对外担保余额→1、担保范围口径与报告期→1），各自可独立研究/核验/成缺口。,公司整体对外担保余额,公司整体对外担保余额,以 fact_set 形态独立研究，required_fields=['对外担保余额']，可独立核验/成缺口,"覆盖规则 ['required_fields_complete', 'minimum_sources', 'direct_support']（producer_kind=topic_harness，集合锚点 无）",不保留 search_audit：普通正向事实或财务/派生/synth，不机械要求检索审计,"证据 ['er_debt']：evidence_kind=['field']，source_classes=['company_industry', 'structured_db']，minimum_sources=[1]",primary:co-h7,主槽位落在 co-h7（公司 H2 正文），与 producer_kind=topic_harness 目标 Writer 章节一致
company,company_debt,company_debt_guarantee,发债情况、金融机构借款、债务期限结构、对外担保余额、担保范围口径与报告期,topic_harness,company_debt_guarantee.guarantee_scope_caliber,fact_set,担保范围口径与报告期,topic_harness,担保范围口径 | 报告期,required_fields_complete | minimum_sources | direct_support,,er_debt,field,source_policy_v1,CURRENT_AS_OF_WITH_24M_CHANGES,required_body,paragraph,transfer_human,REPORT_BLOCKED,,solvency,body,,,CONFIRMED,"CONFIRMED：由 v1 维度「担保范围口径与报告期」固化，以 fact_set 形态独立研究，覆盖 ['required_fields_complete', 'minimum_sources', 'direct_support']，证据 ['er_debt']（['company_industry', 'structured_db']），主槽位 co-h7；可独立核验，无需额外业务裁决",,,发债、金融机构借款和对外担保（结构化表格呈现）；材料明显缺失无法核实时不生成对应偿债结论,发债情况 | 金融机构借款 | 公司整体对外担保余额 | 担保范围口径与报告期,split,v1 的 4 个 required_aspects 拆为 5 个独立 required_body aspect（发债情况→2、金融机构借款→1、公司整体对外担保余额→1、担保范围口径与报告期→1），各自可独立研究/核验/成缺口。,担保范围口径与报告期,担保范围口径与报告期,"以 fact_set 形态独立研究，required_fields=['担保范围口径', '报告期']，可独立核验/成缺口","覆盖规则 ['required_fields_complete', 'minimum_sources', 'direct_support']（producer_kind=topic_harness，集合锚点 无）",不保留 search_audit：普通正向事实或财务/派生/synth，不机械要求检索审计,"证据 ['er_debt']：evidence_kind=['field']，source_classes=['company_industry', 'structured_db']，minimum_sources=[1]",primary:co-h7,主槽位落在 co-h7（公司 H2 正文），与 producer_kind=topic_harness 目标 Writer 章节一致
company,company_profit_quality,company_profit_quality,非主营损益构成、利润质量,topic_harness,company_profit_quality.non_operating_income,fact_set,非主营损益构成,topic_harness,投资收益 | 公允价值变动 | 减值 | 营业外收支,required_fields_complete | minimum_sources | direct_support,,er_profit_quality,paragraph,source_policy_v1,THREE_YEARS_PLUS_LATEST,required_body,paragraph_and_table,write_not_found,NONE,,key_financial,body,,,CONFIRMED,"CONFIRMED：由 v1 维度「非主营损益构成」固化，以 fact_set 形态独立研究，覆盖 ['required_fields_complete', 'minimum_sources', 'direct_support']，证据 ['er_profit_quality']（['company_industry']），主槽位 co-h8；可独立核验，无需额外业务裁决",,,非主营损益（投资收益、公允价值变动、减值、营业外收支）及利润质量,非主营损益构成 | 利润质量,unchanged,v1 required_aspects 固化为稳定 aspect_id，无语义变更（不拆分）。,非主营损益构成,非主营损益构成,"以 fact_set 形态独立研究，required_fields=['投资收益', '公允价值变动', '减值', '营业外收支']，可独立核验/成缺口","覆盖规则 ['required_fields_complete', 'minimum_sources', 'direct_support']（producer_kind=topic_harness，集合锚点 无）",不保留 search_audit：普通正向事实或财务/派生/synth，不机械要求检索审计,证据 ['er_profit_quality']：evidence_kind=['paragraph']，source_classes=['company_industry']，minimum_sources=[1],primary:co-h8,主槽位落在 co-h8（公司 H2 正文），与 producer_kind=topic_harness 目标 Writer 章节一致
company,company_profit_quality,company_profit_quality,非主营损益构成、利润质量,topic_harness,company_profit_quality.profit_quality,single_judgment,利润质量,topic_harness,利润质量判断,required_fields_complete | minimum_sources | direct_support,,er_profit_quality,paragraph,source_policy_v1,THREE_YEARS_PLUS_LATEST,required_body,paragraph,write_not_found,NONE,,key_financial,body,,,CONFIRMED,"CONFIRMED：由 v1 维度「利润质量」固化，以 single_judgment 形态独立研究，覆盖 ['required_fields_complete', 'minimum_sources', 'direct_support']，证据 ['er_profit_quality']（['company_industry']），主槽位 co-h8；可独立核验，无需额外业务裁决",,,非主营损益（投资收益、公允价值变动、减值、营业外收支）及利润质量,非主营损益构成 | 利润质量,unchanged,v1 required_aspects 固化为稳定 aspect_id，无语义变更（不拆分）。,利润质量,利润质量,以 single_judgment 形态独立研究，required_fields=['利润质量判断']，可独立核验/成缺口,"覆盖规则 ['required_fields_complete', 'minimum_sources', 'direct_support']（producer_kind=topic_harness，集合锚点 无）",不保留 search_audit：普通正向事实或财务/派生/synth，不机械要求检索审计,证据 ['er_profit_quality']：evidence_kind=['paragraph']，source_classes=['company_industry']，minimum_sources=[1],primary:co-h8,主槽位落在 co-h8（公司 H2 正文），与 producer_kind=topic_harness 目标 Writer 章节一致
company,company_investment,company_investment,重大投资与收并购、资产出售、定向增发,topic_harness,company_investment.major_investment_ma,event_set,重大投资与收并购,topic_harness,事件类别 | 日期 | 涉及主体 | 当前状态 | 来源和检索范围,required_fields_complete | minimum_sources | direct_support | search_audit,扩展字段（金额或规模/进展/处理结果/影响）未披露时记录字段级 gap,er_investment,paragraph,source_policy_v1,RECENT_24M_WITH_OPEN_TAIL,required_body,risk_note,write_not_found,NONE,,,body,,,CONFIRMED,"CONFIRMED：由 v1 维度「重大投资与收并购」固化，以 event_set 形态独立研究，覆盖 ['required_fields_complete', 'minimum_sources', 'direct_support', 'search_audit']，证据 ['er_investment']（['company_industry', 'external']），主槽位 co-h5；可独立核验，无需额外业务裁决",,,重大投资、收并购、资产出售与定向增发等影响经营的事件,重大投资与收并购 | 资产出售 | 定向增发,unchanged,v1 required_aspects 固化为稳定 aspect_id，无语义变更（不拆分）。,重大投资与收并购,重大投资与收并购,"以 event_set 形态独立研究，required_fields=['事件类别', '日期', '涉及主体', '当前状态', '来源和检索范围']，可独立核验/成缺口","覆盖规则 ['required_fields_complete', 'minimum_sources', 'direct_support', 'search_audit']（producer_kind=topic_harness，集合锚点 扩展字段（金额或规模/进展/处理结果/影响）未披露时记录字段级 gap）",保留 search_audit：负面核验/not_found/集合完整性/外部时效需记录检索范围与截止日期,"证据 ['er_investment']：evidence_kind=['paragraph']，source_classes=['company_industry', 'external']，minimum_sources=[1]",primary:co-h5,主槽位落在 co-h5（公司 H2 正文），与 producer_kind=topic_harness 目标 Writer 章节一致
company,company_investment,company_investment,重大投资与收并购、资产出售、定向增发,topic_harness,company_investment.asset_sale,event_set,资产出售,topic_harness,事件类别 | 日期 | 涉及主体 | 当前状态 | 来源和检索范围,required_fields_complete | minimum_sources | direct_support | search_audit,扩展字段未披露时记录字段级 gap,er_investment,paragraph,source_policy_v1,RECENT_24M_WITH_OPEN_TAIL,required_body,risk_note,write_not_found,NONE,,,body,,,CONFIRMED,"CONFIRMED：由 v1 维度「资产出售」固化，以 event_set 形态独立研究，覆盖 ['required_fields_complete', 'minimum_sources', 'direct_support', 'search_audit']，证据 ['er_investment']（['company_industry', 'external']），主槽位 co-h8；可独立核验，无需额外业务裁决",,,重大投资、收并购、资产出售与定向增发等影响经营的事件,重大投资与收并购 | 资产出售 | 定向增发,unchanged,v1 required_aspects 固化为稳定 aspect_id，无语义变更（不拆分）。,资产出售,资产出售,"以 event_set 形态独立研究，required_fields=['事件类别', '日期', '涉及主体', '当前状态', '来源和检索范围']，可独立核验/成缺口","覆盖规则 ['required_fields_complete', 'minimum_sources', 'direct_support', 'search_audit']（producer_kind=topic_harness，集合锚点 扩展字段未披露时记录字段级 gap）",保留 search_audit：负面核验/not_found/集合完整性/外部时效需记录检索范围与截止日期,"证据 ['er_investment']：evidence_kind=['paragraph']，source_classes=['company_industry', 'external']，minimum_sources=[1]",primary:co-h8,主槽位落在 co-h8（公司 H2 正文），与 producer_kind=topic_harness 目标 Writer 章节一致
company,company_investment,company_investment,重大投资与收并购、资产出售、定向增发,topic_harness,company_investment.private_placement,event_set,定向增发,topic_harness,事件类别 | 日期 | 涉及主体 | 当前状态 | 来源和检索范围,required_fields_complete | minimum_sources | direct_support | search_audit,扩展字段未披露时记录字段级 gap,er_investment,paragraph,source_policy_v1,RECENT_24M_WITH_OPEN_TAIL,required_body,risk_note,write_not_found,NONE,,,body,,,CONFIRMED,"CONFIRMED：由 v1 维度「定向增发」固化，以 event_set 形态独立研究，覆盖 ['required_fields_complete', 'minimum_sources', 'direct_support', 'search_audit']，证据 ['er_investment']（['company_industry', 'external']），主槽位 co-h5；可独立核验，无需额外业务裁决",,,重大投资、收并购、资产出售与定向增发等影响经营的事件,重大投资与收并购 | 资产出售 | 定向增发,unchanged,v1 required_aspects 固化为稳定 aspect_id，无语义变更（不拆分）。,定向增发,定向增发,"以 event_set 形态独立研究，required_fields=['事件类别', '日期', '涉及主体', '当前状态', '来源和检索范围']，可独立核验/成缺口","覆盖规则 ['required_fields_complete', 'minimum_sources', 'direct_support', 'search_audit']（producer_kind=topic_harness，集合锚点 扩展字段未披露时记录字段级 gap）",保留 search_audit：负面核验/not_found/集合完整性/外部时效需记录检索范围与截止日期,"证据 ['er_investment']：evidence_kind=['paragraph']，source_classes=['company_industry', 'external']，minimum_sources=[1]",primary:co-h5,主槽位落在 co-h5（公司 H2 正文），与 producer_kind=topic_harness 目标 Writer 章节一致
company,company_equity_incentive,company_equity_incentive,股权激励计划及进展（无计划时为不适用）,topic_harness,company_equity_incentive.plan_progress,event_set,股权激励计划及进展,topic_harness,事件类别 | 日期 | 涉及主体 | 当前状态 | 来源和检索范围,required_fields_complete | minimum_sources | direct_support | search_audit | applicability,扩展字段（规模/进展/处理结果/影响）未披露时记录字段级 gap,er_equity_incentive,paragraph,source_policy_v1,CURRENT_AS_OF_WITH_24M_CHANGES,required_body,risk_note,not_applicable_no_plan,NONE,not_applicable_no_plan,,body,,,CONFIRMED,"CONFIRMED：由 v1 维度「股权激励计划及进展」固化，以 event_set 形态独立研究，覆盖 ['required_fields_complete', 'minimum_sources', 'direct_support', 'search_audit', 'applicability']，证据 ['er_equity_incentive']（['company_industry']），主槽位 co-h6；可独立核验，无需额外业务裁决",,,股权激励计划及进展（无相关计划时为 NOT_APPLICABLE，不阻断）,股权激励计划及进展 | 无计划时为不适用,applicability_refined,v1 required_aspects 保留，新增/细化 applicability_policy ['not_applicable_no_plan']，把合法不适用/无实际控制人等分支显式化为终态，非事实缺失。,股权激励计划及进展,股权激励计划及进展,"以 event_set 形态独立研究，required_fields=['事件类别', '日期', '涉及主体', '当前状态', '来源和检索范围']，可独立核验/成缺口","覆盖规则 ['required_fields_complete', 'minimum_sources', 'direct_support', 'search_audit', 'applicability']（producer_kind=topic_harness，集合锚点 扩展字段（规模/进展/处理结果/影响）未披露时记录字段级 gap）",保留 search_audit：负面核验/not_found/集合完整性/外部时效需记录检索范围与截止日期,证据 ['er_equity_incentive']：evidence_kind=['paragraph']，source_classes=['company_industry']，minimum_sources=[1],primary:co-h6,主槽位落在 co-h6（公司 H2 正文），与 producer_kind=topic_harness 目标 Writer 章节一致
company,company_equity_incentive,company_equity_incentive,股权激励计划及进展（无计划时为不适用）,topic_harness,company_equity_incentive.no_plan_na,fact_set,无计划时为不适用（NOT_APPLICABLE）,topic_harness,无计划标注,required_fields_complete | search_audit | applicability,,er_equity_incentive,paragraph,source_policy_v1,CURRENT_AS_OF_WITH_24M_CHANGES,required_body,paragraph,not_applicable_no_plan,NONE,not_applicable_no_plan,,body,,,CONFIRMED,"CONFIRMED：由 v1 维度「无计划时为不适用」固化，以 fact_set 形态独立研究，覆盖 ['required_fields_complete', 'search_audit', 'applicability']，证据 ['er_equity_incentive']（['company_industry']），主槽位 co-h6；可独立核验，无需额外业务裁决",,,股权激励计划及进展（无相关计划时为 NOT_APPLICABLE，不阻断）,股权激励计划及进展 | 无计划时为不适用,applicability_refined,v1 required_aspects 保留，新增/细化 applicability_policy ['not_applicable_no_plan']，把合法不适用/无实际控制人等分支显式化为终态，非事实缺失。,无计划时为不适用,无计划时为不适用（NOT_APPLICABLE）,以 fact_set 形态独立研究，required_fields=['无计划标注']，可独立核验/成缺口,"覆盖规则 ['required_fields_complete', 'search_audit', 'applicability']（producer_kind=topic_harness，集合锚点 无）",保留 search_audit：负面核验/not_found/集合完整性/外部时效需记录检索范围与截止日期,证据 ['er_equity_incentive']：evidence_kind=['paragraph']，source_classes=['company_industry']，minimum_sources=[1],primary:co-h6,主槽位落在 co-h6（公司 H2 正文），与 producer_kind=topic_harness 目标 Writer 章节一致
company,company_credit_summary,company_credit_summary,核心信用优势、核心风险、偿债影响与未解决问题（由本章 verified facts/claims/gaps/conflicts 派生）,phase4_section_derived,company_credit_summary.core_strengths,derived_summary,核心信用优势,phase4_section_derived,核心信用优势,upstream_aspect_coverage | pack_claim_identity | dependency_lineage | conflict_propagation,,er_credit_summary,claim,source_policy_v1,THREE_YEARS_PLUS_LATEST,required_body,paragraph,write_not_found,NONE,,solvency,derived_summary,,"{""exclude_display_tiers"": [""diagnostic_only""], ""exclude_producer_kinds"": [""phase4_section_derived""], ""exclude_terminal_states"": [""NOT_APPLICABLE"", ""UNRESOLVED"", ""BLOCKED"", ""UNSUPPORTED""], ""include_sections"": [""company""]}",CONFIRMED,"CONFIRMED：由 v1 维度「核心信用优势」固化，以 derived_summary 形态独立研究，覆盖 ['upstream_aspect_coverage', 'pack_claim_identity', 'dependency_lineage', 'conflict_propagation']，证据 ['er_credit_summary']（['company_industry']），主槽位 co-h8；可独立核验，无需额外业务裁决",,,公司核心信用优势、风险、偿债影响与未解决问题,核心信用优势 | 核心风险 | 偿债影响与未解决问题,producer_routed,执行归属由 v1 的 harness/workflow 改为 phase4_section_derived：该问 3 个 aspect 由章节派生/Phase5 合成承载，不入 Topic Harness。,核心信用优势,核心信用优势,以 derived_summary 形态独立研究，required_fields=['核心信用优势']，可独立核验/成缺口,"覆盖规则 ['upstream_aspect_coverage', 'pack_claim_identity', 'dependency_lineage', 'conflict_propagation']（producer_kind=phase4_section_derived，集合锚点 无）",不保留 search_audit：普通正向事实或财务/派生/synth，不机械要求检索审计,证据 ['er_credit_summary']：evidence_kind=['claim']，source_classes=['company_industry']，minimum_sources=[1],primary:co-h8,主槽位落在 co-h8（公司 H2 正文），与 producer_kind=phase4_section_derived 目标 Writer 章节一致
company,company_credit_summary,company_credit_summary,核心信用优势、核心风险、偿债影响与未解决问题（由本章 verified facts/claims/gaps/conflicts 派生）,phase4_section_derived,company_credit_summary.core_risks,derived_summary,核心风险,phase4_section_derived,核心风险,upstream_aspect_coverage | pack_claim_identity | dependency_lineage | conflict_propagation,,er_credit_summary,claim,source_policy_v1,THREE_YEARS_PLUS_LATEST,required_body,paragraph,write_not_found,NONE,,solvency,derived_summary,,"{""exclude_display_tiers"": [""diagnostic_only""], ""exclude_producer_kinds"": [""phase4_section_derived""], ""exclude_terminal_states"": [""NOT_APPLICABLE"", ""UNRESOLVED"", ""BLOCKED"", ""UNSUPPORTED""], ""include_sections"": [""company""]}",CONFIRMED,"CONFIRMED：由 v1 维度「核心风险」固化，以 derived_summary 形态独立研究，覆盖 ['upstream_aspect_coverage', 'pack_claim_identity', 'dependency_lineage', 'conflict_propagation']，证据 ['er_credit_summary']（['company_industry']），主槽位 co-h8；可独立核验，无需额外业务裁决",,,公司核心信用优势、风险、偿债影响与未解决问题,核心信用优势 | 核心风险 | 偿债影响与未解决问题,producer_routed,执行归属由 v1 的 harness/workflow 改为 phase4_section_derived：该问 3 个 aspect 由章节派生/Phase5 合成承载，不入 Topic Harness。,核心风险,核心风险,以 derived_summary 形态独立研究，required_fields=['核心风险']，可独立核验/成缺口,"覆盖规则 ['upstream_aspect_coverage', 'pack_claim_identity', 'dependency_lineage', 'conflict_propagation']（producer_kind=phase4_section_derived，集合锚点 无）",不保留 search_audit：普通正向事实或财务/派生/synth，不机械要求检索审计,证据 ['er_credit_summary']：evidence_kind=['claim']，source_classes=['company_industry']，minimum_sources=[1],primary:co-h8,主槽位落在 co-h8（公司 H2 正文），与 producer_kind=phase4_section_derived 目标 Writer 章节一致
company,company_credit_summary,company_credit_summary,核心信用优势、核心风险、偿债影响与未解决问题（由本章 verified facts/claims/gaps/conflicts 派生）,phase4_section_derived,company_credit_summary.repayment_impact_unresolved,derived_summary,偿债影响与未解决问题,phase4_section_derived,偿债影响 | 未解决问题,upstream_aspect_coverage | pack_claim_identity | dependency_lineage | conflict_propagation,,er_credit_summary,claim,source_policy_v1,THREE_YEARS_PLUS_LATEST,required_body,paragraph,write_not_found,NONE,,solvency,derived_summary,,"{""exclude_display_tiers"": [""diagnostic_only""], ""exclude_producer_kinds"": [""phase4_section_derived""], ""exclude_terminal_states"": [""NOT_APPLICABLE"", ""UNRESOLVED"", ""BLOCKED"", ""UNSUPPORTED""], ""include_sections"": [""company""]}",CONFIRMED,"CONFIRMED：由 v1 维度「偿债影响与未解决问题」固化，以 derived_summary 形态独立研究，覆盖 ['upstream_aspect_coverage', 'pack_claim_identity', 'dependency_lineage', 'conflict_propagation']，证据 ['er_credit_summary']（['company_industry']），主槽位 co-h8；可独立核验，无需额外业务裁决",,,公司核心信用优势、风险、偿债影响与未解决问题,核心信用优势 | 核心风险 | 偿债影响与未解决问题,producer_routed,执行归属由 v1 的 harness/workflow 改为 phase4_section_derived：该问 3 个 aspect 由章节派生/Phase5 合成承载，不入 Topic Harness。,偿债影响与未解决问题,偿债影响与未解决问题,"以 derived_summary 形态独立研究，required_fields=['偿债影响', '未解决问题']，可独立核验/成缺口","覆盖规则 ['upstream_aspect_coverage', 'pack_claim_identity', 'dependency_lineage', 'conflict_propagation']（producer_kind=phase4_section_derived，集合锚点 无）",不保留 search_audit：普通正向事实或财务/派生/synth，不机械要求检索审计,证据 ['er_credit_summary']：evidence_kind=['claim']，source_classes=['company_industry']，minimum_sources=[1],primary:co-h8,主槽位落在 co-h8（公司 H2 正文），与 producer_kind=phase4_section_derived 目标 Writer 章节一致
financial,fin_source_scope,fin_statements_availability,最新完整年度三张主表（资产负债表、利润表、现金流量表）与审计意见齐备；趋势原则上覆盖近三年；最新季度/半年可用则纳入，否则披露缺口；缺最新完整年度任一主表即阻断,financial_workflow,fin_statements_availability.balance_sheet_ready,fact_set,资产负债表齐备,financial_workflow,资产负债表,snapshot_authority | required_input_completeness,,er_fin_statements,structured_db,source_policy_v1,THREE_YEARS_PLUS_LATEST,required_body,paragraph,write_not_found,JOB_BLOCKED,,,body,,,CONFIRMED,"CONFIRMED：由 v1 维度「资产负债表齐备」固化，以 fact_set 形态独立研究，覆盖 ['snapshot_authority', 'required_input_completeness']，证据 ['er_fin_statements']（['structured_db']），主槽位 fin-h1；可独立核验，无需额外业务裁决",,,最新完整年度三张主表（资产负债表、利润表、现金流量表）与审计意见齐备；趋势原则上覆盖近三年；最新季度/半年可用则纳入，否则披露缺口；缺最新完整年度任一主表即阻断,资产负债表齐备 | 利润表齐备 | 现金流量表齐备 | 审计意见 | 近三年趋势覆盖,unchanged,v1 required_aspects 固化为稳定 aspect_id，无语义变更（不拆分）。,资产负债表齐备,资产负债表齐备,以 fact_set 形态独立研究，required_fields=['资产负债表']，可独立核验/成缺口,"覆盖规则 ['snapshot_authority', 'required_input_completeness']（producer_kind=financial_workflow，集合锚点 无）",不保留 search_audit：普通正向事实或财务/派生/synth，不机械要求检索审计,证据 ['er_fin_statements']：evidence_kind=['structured_db']，source_classes=['structured_db']，minimum_sources=[1],primary:fin-h1,主槽位落在 fin-h1（财务 H2 正文），与 producer_kind=financial_workflow 目标 Writer 章节一致
financial,fin_source_scope,fin_statements_availability,最新完整年度三张主表（资产负债表、利润表、现金流量表）与审计意见齐备；趋势原则上覆盖近三年；最新季度/半年可用则纳入，否则披露缺口；缺最新完整年度任一主表即阻断,financial_workflow,fin_statements_availability.income_statement_ready,fact_set,利润表齐备,financial_workflow,利润表,snapshot_authority | required_input_completeness,,er_fin_statements,structured_db,source_policy_v1,THREE_YEARS_PLUS_LATEST,required_body,paragraph,write_not_found,JOB_BLOCKED,,,body,,,CONFIRMED,"CONFIRMED：由 v1 维度「利润表齐备」固化，以 fact_set 形态独立研究，覆盖 ['snapshot_authority', 'required_input_completeness']，证据 ['er_fin_statements']（['structured_db']），主槽位 fin-h1；可独立核验，无需额外业务裁决",,,最新完整年度三张主表（资产负债表、利润表、现金流量表）与审计意见齐备；趋势原则上覆盖近三年；最新季度/半年可用则纳入，否则披露缺口；缺最新完整年度任一主表即阻断,资产负债表齐备 | 利润表齐备 | 现金流量表齐备 | 审计意见 | 近三年趋势覆盖,unchanged,v1 required_aspects 固化为稳定 aspect_id，无语义变更（不拆分）。,利润表齐备,利润表齐备,以 fact_set 形态独立研究，required_fields=['利润表']，可独立核验/成缺口,"覆盖规则 ['snapshot_authority', 'required_input_completeness']（producer_kind=financial_workflow，集合锚点 无）",不保留 search_audit：普通正向事实或财务/派生/synth，不机械要求检索审计,证据 ['er_fin_statements']：evidence_kind=['structured_db']，source_classes=['structured_db']，minimum_sources=[1],primary:fin-h1,主槽位落在 fin-h1（财务 H2 正文），与 producer_kind=financial_workflow 目标 Writer 章节一致
financial,fin_source_scope,fin_statements_availability,最新完整年度三张主表（资产负债表、利润表、现金流量表）与审计意见齐备；趋势原则上覆盖近三年；最新季度/半年可用则纳入，否则披露缺口；缺最新完整年度任一主表即阻断,financial_workflow,fin_statements_availability.cashflow_statement_ready,fact_set,现金流量表齐备,financial_workflow,现金流量表,snapshot_authority | required_input_completeness,,er_fin_statements,structured_db,source_policy_v1,THREE_YEARS_PLUS_LATEST,required_body,paragraph,write_not_found,JOB_BLOCKED,,,body,,,CONFIRMED,"CONFIRMED：由 v1 维度「现金流量表齐备」固化，以 fact_set 形态独立研究，覆盖 ['snapshot_authority', 'required_input_completeness']，证据 ['er_fin_statements']（['structured_db']），主槽位 fin-h1；可独立核验，无需额外业务裁决",,,最新完整年度三张主表（资产负债表、利润表、现金流量表）与审计意见齐备；趋势原则上覆盖近三年；最新季度/半年可用则纳入，否则披露缺口；缺最新完整年度任一主表即阻断,资产负债表齐备 | 利润表齐备 | 现金流量表齐备 | 审计意见 | 近三年趋势覆盖,unchanged,v1 required_aspects 固化为稳定 aspect_id，无语义变更（不拆分）。,现金流量表齐备,现金流量表齐备,以 fact_set 形态独立研究，required_fields=['现金流量表']，可独立核验/成缺口,"覆盖规则 ['snapshot_authority', 'required_input_completeness']（producer_kind=financial_workflow，集合锚点 无）",不保留 search_audit：普通正向事实或财务/派生/synth，不机械要求检索审计,证据 ['er_fin_statements']：evidence_kind=['structured_db']，source_classes=['structured_db']，minimum_sources=[1],primary:fin-h1,主槽位落在 fin-h1（财务 H2 正文），与 producer_kind=financial_workflow 目标 Writer 章节一致
financial,fin_source_scope,fin_statements_availability,最新完整年度三张主表（资产负债表、利润表、现金流量表）与审计意见齐备；趋势原则上覆盖近三年；最新季度/半年可用则纳入，否则披露缺口；缺最新完整年度任一主表即阻断,financial_workflow,fin_statements_availability.audit_opinion_ready,fact_set,审计意见齐备,financial_workflow,审计意见齐备,required_fields_complete | minimum_sources | direct_support,,er_fin_audit,field,source_policy_v1,THREE_YEARS_PLUS_LATEST,required_body,paragraph,write_not_found,REPORT_BLOCKED,,key_financial,body,,,CONFIRMED,"CONFIRMED：由 v1 维度「审计意见」固化，以 fact_set 形态独立研究，覆盖 ['required_fields_complete', 'minimum_sources', 'direct_support']，证据 ['er_fin_audit']（['company_industry']），主槽位 fin-h1；可独立核验，无需额外业务裁决",,,最新完整年度三张主表（资产负债表、利润表、现金流量表）与审计意见齐备；趋势原则上覆盖近三年；最新季度/半年可用则纳入，否则披露缺口；缺最新完整年度任一主表即阻断,资产负债表齐备 | 利润表齐备 | 现金流量表齐备 | 审计意见 | 近三年趋势覆盖,unchanged,v1 required_aspects 固化为稳定 aspect_id，无语义变更（不拆分）。,审计意见,审计意见齐备,以 fact_set 形态独立研究，required_fields=['审计意见齐备']，可独立核验/成缺口,"覆盖规则 ['required_fields_complete', 'minimum_sources', 'direct_support']（producer_kind=financial_workflow，集合锚点 无）",不保留 search_audit：普通正向事实或财务/派生/synth，不机械要求检索审计,证据 ['er_fin_audit']：evidence_kind=['field']，source_classes=['company_industry']，minimum_sources=[1],primary:fin-h1,主槽位落在 fin-h1（财务 H2 正文），与 producer_kind=financial_workflow 目标 Writer 章节一致
financial,fin_source_scope,fin_statements_availability,最新完整年度三张主表（资产负债表、利润表、现金流量表）与审计意见齐备；趋势原则上覆盖近三年；最新季度/半年可用则纳入，否则披露缺口；缺最新完整年度任一主表即阻断,financial_workflow,fin_statements_availability.three_year_trend_coverage,fact_set,近三年趋势覆盖；最新季度/半年可用则纳入，否则披露缺口,financial_workflow,近三年趋势 | 最新期,snapshot_authority | period | comparability | required_input_completeness,,er_fin_statements,structured_db,source_policy_v1,THREE_YEARS_PLUS_LATEST,required_body,paragraph,write_not_found,NONE,,key_financial,body,,,CONFIRMED,"CONFIRMED：由 v1 维度「近三年趋势覆盖」固化，以 fact_set 形态独立研究，覆盖 ['snapshot_authority', 'period', 'comparability', 'required_input_completeness']，证据 ['er_fin_statements']（['structured_db']），主槽位 fin-h1；可独立核验，无需额外业务裁决",,,最新完整年度三张主表（资产负债表、利润表、现金流量表）与审计意见齐备；趋势原则上覆盖近三年；最新季度/半年可用则纳入，否则披露缺口；缺最新完整年度任一主表即阻断,资产负债表齐备 | 利润表齐备 | 现金流量表齐备 | 审计意见 | 近三年趋势覆盖,unchanged,v1 required_aspects 固化为稳定 aspect_id，无语义变更（不拆分）。,近三年趋势覆盖,近三年趋势覆盖；最新季度/半年可用则纳入，否则披露缺口,"以 fact_set 形态独立研究，required_fields=['近三年趋势', '最新期']，可独立核验/成缺口","覆盖规则 ['snapshot_authority', 'period', 'comparability', 'required_input_completeness']（producer_kind=financial_workflow，集合锚点 无）",不保留 search_audit：普通正向事实或财务/派生/synth，不机械要求检索审计,证据 ['er_fin_statements']：evidence_kind=['structured_db']，source_classes=['structured_db']，minimum_sources=[1],primary:fin-h1,主槽位落在 fin-h1（财务 H2 正文），与 producer_kind=financial_workflow 目标 Writer 章节一致
financial,fin_source_scope,fin_audit_opinion,审计意见、会计师事务所、报告期、合并范围与单位（不要求三份独立审计报告，可从历年年报/最新年报比较披露取得；报告期间/金额单位/合并或母公司口径无法确认即阻断）,financial_workflow,fin_audit_opinion.audit_opinion_type,fact_set,审计意见类型,financial_workflow,审计意见类型,required_fields_complete | minimum_sources | direct_support,,er_fin_audit,field,source_policy_v1,THREE_YEARS_PLUS_LATEST,required_body,paragraph,write_not_found,REPORT_BLOCKED,,key_financial,body,,,CONFIRMED,"CONFIRMED：由 v1 维度「审计意见」固化，以 fact_set 形态独立研究，覆盖 ['required_fields_complete', 'minimum_sources', 'direct_support']，证据 ['er_fin_audit']（['company_industry']），主槽位 fin-h1；可独立核验，无需额外业务裁决",,,审计意见、会计师事务所、报告期、合并范围与单位（不要求三份独立审计报告，可从历年年报/最新年报比较披露取得；报告期间/金额单位/合并或母公司口径无法确认即阻断）,审计意见 | 会计师事务所 | 报告期 | 合并范围 | 金额单位,unchanged,v1 required_aspects 固化为稳定 aspect_id，无语义变更（不拆分）。,审计意见,审计意见类型,以 fact_set 形态独立研究，required_fields=['审计意见类型']，可独立核验/成缺口,"覆盖规则 ['required_fields_complete', 'minimum_sources', 'direct_support']（producer_kind=financial_workflow，集合锚点 无）",不保留 search_audit：普通正向事实或财务/派生/synth，不机械要求检索审计,证据 ['er_fin_audit']：evidence_kind=['field']，source_classes=['company_industry']，minimum_sources=[1],primary:fin-h1,主槽位落在 fin-h1（财务 H2 正文），与 producer_kind=financial_workflow 目标 Writer 章节一致
financial,fin_source_scope,fin_audit_opinion,审计意见、会计师事务所、报告期、合并范围与单位（不要求三份独立审计报告，可从历年年报/最新年报比较披露取得；报告期间/金额单位/合并或母公司口径无法确认即阻断）,financial_workflow,fin_audit_opinion.accounting_firm,fact_set,会计师事务所,financial_workflow,会计师事务所,required_fields_complete | minimum_sources | direct_support,,er_fin_audit,field,source_policy_v1,THREE_YEARS_PLUS_LATEST,required_body,paragraph,write_not_found,NONE,,,body,,,CONFIRMED,"CONFIRMED：由 v1 维度「会计师事务所」固化，以 fact_set 形态独立研究，覆盖 ['required_fields_complete', 'minimum_sources', 'direct_support']，证据 ['er_fin_audit']（['company_industry']），主槽位 fin-h1；可独立核验，无需额外业务裁决",,,审计意见、会计师事务所、报告期、合并范围与单位（不要求三份独立审计报告，可从历年年报/最新年报比较披露取得；报告期间/金额单位/合并或母公司口径无法确认即阻断）,审计意见 | 会计师事务所 | 报告期 | 合并范围 | 金额单位,unchanged,v1 required_aspects 固化为稳定 aspect_id，无语义变更（不拆分）。,会计师事务所,会计师事务所,以 fact_set 形态独立研究，required_fields=['会计师事务所']，可独立核验/成缺口,"覆盖规则 ['required_fields_complete', 'minimum_sources', 'direct_support']（producer_kind=financial_workflow，集合锚点 无）",不保留 search_audit：普通正向事实或财务/派生/synth，不机械要求检索审计,证据 ['er_fin_audit']：evidence_kind=['field']，source_classes=['company_industry']，minimum_sources=[1],primary:fin-h1,主槽位落在 fin-h1（财务 H2 正文），与 producer_kind=financial_workflow 目标 Writer 章节一致
financial,fin_source_scope,fin_audit_opinion,审计意见、会计师事务所、报告期、合并范围与单位（不要求三份独立审计报告，可从历年年报/最新年报比较披露取得；报告期间/金额单位/合并或母公司口径无法确认即阻断）,financial_workflow,fin_audit_opinion.reporting_period,fact_set,报告期,financial_workflow,报告期,snapshot_authority | period,,er_fin_scope,structured_db,source_policy_v1,THREE_YEARS_PLUS_LATEST,required_body,paragraph,write_not_found,REPORT_BLOCKED,,key_financial,body,,,CONFIRMED,"CONFIRMED：由 v1 维度「报告期」固化，以 fact_set 形态独立研究，覆盖 ['snapshot_authority', 'period']，证据 ['er_fin_scope']（['structured_db']），主槽位 fin-h1；可独立核验，无需额外业务裁决",,,审计意见、会计师事务所、报告期、合并范围与单位（不要求三份独立审计报告，可从历年年报/最新年报比较披露取得；报告期间/金额单位/合并或母公司口径无法确认即阻断）,审计意见 | 会计师事务所 | 报告期 | 合并范围 | 金额单位,unchanged,v1 required_aspects 固化为稳定 aspect_id，无语义变更（不拆分）。,报告期,报告期,以 fact_set 形态独立研究，required_fields=['报告期']，可独立核验/成缺口,"覆盖规则 ['snapshot_authority', 'period']（producer_kind=financial_workflow，集合锚点 无）",不保留 search_audit：普通正向事实或财务/派生/synth，不机械要求检索审计,证据 ['er_fin_scope']：evidence_kind=['structured_db']，source_classes=['structured_db']，minimum_sources=[1],primary:fin-h1,主槽位落在 fin-h1（财务 H2 正文），与 producer_kind=financial_workflow 目标 Writer 章节一致
financial,fin_source_scope,fin_audit_opinion,审计意见、会计师事务所、报告期、合并范围与单位（不要求三份独立审计报告，可从历年年报/最新年报比较披露取得；报告期间/金额单位/合并或母公司口径无法确认即阻断）,financial_workflow,fin_audit_opinion.consolidation_scope,fact_set,合并范围,financial_workflow,合并范围,snapshot_authority | scope,,er_fin_scope,structured_db,source_policy_v1,THREE_YEARS_PLUS_LATEST,required_body,paragraph,write_not_found,REPORT_BLOCKED,,key_financial,body,,,CONFIRMED,"CONFIRMED：由 v1 维度「合并范围」固化，以 fact_set 形态独立研究，覆盖 ['snapshot_authority', 'scope']，证据 ['er_fin_scope']（['structured_db']），主槽位 fin-h1；可独立核验，无需额外业务裁决",,,审计意见、会计师事务所、报告期、合并范围与单位（不要求三份独立审计报告，可从历年年报/最新年报比较披露取得；报告期间/金额单位/合并或母公司口径无法确认即阻断）,审计意见 | 会计师事务所 | 报告期 | 合并范围 | 金额单位,unchanged,v1 required_aspects 固化为稳定 aspect_id，无语义变更（不拆分）。,合并范围,合并范围,以 fact_set 形态独立研究，required_fields=['合并范围']，可独立核验/成缺口,"覆盖规则 ['snapshot_authority', 'scope']（producer_kind=financial_workflow，集合锚点 无）",不保留 search_audit：普通正向事实或财务/派生/synth，不机械要求检索审计,证据 ['er_fin_scope']：evidence_kind=['structured_db']，source_classes=['structured_db']，minimum_sources=[1],primary:fin-h1,主槽位落在 fin-h1（财务 H2 正文），与 producer_kind=financial_workflow 目标 Writer 章节一致
financial,fin_source_scope,fin_audit_opinion,审计意见、会计师事务所、报告期、合并范围与单位（不要求三份独立审计报告，可从历年年报/最新年报比较披露取得；报告期间/金额单位/合并或母公司口径无法确认即阻断）,financial_workflow,fin_audit_opinion.amount_unit,fact_set,金额单位,financial_workflow,金额单位,snapshot_authority | currency_unit,,er_fin_scope,structured_db,source_policy_v1,THREE_YEARS_PLUS_LATEST,required_body,paragraph,write_not_found,REPORT_BLOCKED,,key_financial,body,,,CONFIRMED,"CONFIRMED：由 v1 维度「金额单位」固化，以 fact_set 形态独立研究，覆盖 ['snapshot_authority', 'currency_unit']，证据 ['er_fin_scope']（['structured_db']），主槽位 fin-h1；可独立核验，无需额外业务裁决",,,审计意见、会计师事务所、报告期、合并范围与单位（不要求三份独立审计报告，可从历年年报/最新年报比较披露取得；报告期间/金额单位/合并或母公司口径无法确认即阻断）,审计意见 | 会计师事务所 | 报告期 | 合并范围 | 金额单位,unchanged,v1 required_aspects 固化为稳定 aspect_id，无语义变更（不拆分）。,金额单位,金额单位,以 fact_set 形态独立研究，required_fields=['金额单位']，可独立核验/成缺口,"覆盖规则 ['snapshot_authority', 'currency_unit']（producer_kind=financial_workflow，集合锚点 无）",不保留 search_audit：普通正向事实或财务/派生/synth，不机械要求检索审计,证据 ['er_fin_scope']：evidence_kind=['structured_db']，source_classes=['structured_db']，minimum_sources=[1],primary:fin-h1,主槽位落在 fin-h1（财务 H2 正文），与 producer_kind=financial_workflow 目标 Writer 章节一致
financial,fin_consistency,fin_consistency,三张报表及附注勾稽一致；多来源数字冲突时保留各来源值并生成 reconciliation issue，暂停受影响计算与 Claim,financial_workflow,fin_consistency.three_statement_reconciliation,single_judgment,三表勾稽一致性,financial_workflow,勾稽一致性结论,snapshot_authority | item_formula_identity | required_input_completeness | calculation_provenance | comparability,,er_fin_consistency,calculation,source_policy_v1,THREE_YEARS_PLUS_LATEST,required_body,paragraph,write_not_found,REPORT_BLOCKED,,key_financial,body,,,CONFIRMED,"CONFIRMED：由 v1 维度「三表勾稽一致性」固化，以 single_judgment 形态独立研究，覆盖 ['snapshot_authority', 'item_formula_identity', 'required_input_completeness', 'calculation_provenance', 'comparability']，证据 ['er_fin_consistency']（['structured_db']），主槽位 fin-h1；可独立核验，无需额外业务裁决",,,三张报表及附注勾稽一致；多来源数字冲突时保留各来源值并生成 reconciliation issue，暂停受影响计算与 Claim,三表勾稽一致性 | 多来源冲突保留各来源并生成 reconciliation,unchanged,v1 required_aspects 固化为稳定 aspect_id，无语义变更（不拆分）。,三表勾稽一致性,三表勾稽一致性,以 single_judgment 形态独立研究，required_fields=['勾稽一致性结论']，可独立核验/成缺口,"覆盖规则 ['snapshot_authority', 'item_formula_identity', 'required_input_completeness', 'calculation_provenance', 'comparability']（producer_kind=financial_workflow，集合锚点 无）",不保留 search_audit：普通正向事实或财务/派生/synth，不机械要求检索审计,证据 ['er_fin_consistency']：evidence_kind=['calculation']，source_classes=['structured_db']，minimum_sources=[1],primary:fin-h1,主槽位落在 fin-h1（财务 H2 正文），与 producer_kind=financial_workflow 目标 Writer 章节一致
financial,fin_consistency,fin_consistency,三张报表及附注勾稽一致；多来源数字冲突时保留各来源值并生成 reconciliation issue，暂停受影响计算与 Claim,financial_workflow,fin_consistency.multi_source_conflict_reconciliation,fact_set,多来源数字冲突时保留各来源值并生成 reconciliation,financial_workflow,各来源值 | reconciliation,snapshot_authority | item_formula_identity | required_input_completeness | calculation_provenance | comparability,,er_fin_consistency,calculation,source_policy_v1,THREE_YEARS_PLUS_LATEST,required_body,paragraph,write_not_found,REPORT_BLOCKED,,key_financial,body,,,CONFIRMED,"CONFIRMED：由 v1 维度「多来源冲突保留各来源并生成 reconciliation」固化，以 fact_set 形态独立研究，覆盖 ['snapshot_authority', 'item_formula_identity', 'required_input_completeness', 'calculation_provenance', 'comparability']，证据 ['er_fin_consistency']（['structured_db']），主槽位 fin-h1；可独立核验，无需额外业务裁决",,,三张报表及附注勾稽一致；多来源数字冲突时保留各来源值并生成 reconciliation issue，暂停受影响计算与 Claim,三表勾稽一致性 | 多来源冲突保留各来源并生成 reconciliation,unchanged,v1 required_aspects 固化为稳定 aspect_id，无语义变更（不拆分）。,多来源冲突保留各来源并生成 reconciliation,多来源数字冲突时保留各来源值并生成 reconciliation,"以 fact_set 形态独立研究，required_fields=['各来源值', 'reconciliation']，可独立核验/成缺口","覆盖规则 ['snapshot_authority', 'item_formula_identity', 'required_input_completeness', 'calculation_provenance', 'comparability']（producer_kind=financial_workflow，集合锚点 无）",不保留 search_audit：普通正向事实或财务/派生/synth，不机械要求检索审计,证据 ['er_fin_consistency']：evidence_kind=['calculation']，source_classes=['structured_db']，minimum_sources=[1],primary:fin-h1,主槽位落在 fin-h1（财务 H2 正文），与 producer_kind=financial_workflow 目标 Writer 章节一致
financial,fin_balance_structure,fin_balance_structure,资产负债结构与重大科目变化；科目占资产或负债 15% 以上强制分析，重点科目无论占比均分析,financial_workflow,fin_balance_structure.balance_structure,financial_metric,资产负债结构,financial_workflow,资产结构 | 负债结构,snapshot_authority | item_formula_identity | period | scope | currency_unit | required_input_completeness | calculation_provenance | comparability,,er_fin_balance,calculation,source_policy_v1,THREE_YEARS_PLUS_LATEST,required_body,paragraph_and_table,write_not_found,SECTION_BLOCKED,,key_financial,body,,,CONFIRMED,"CONFIRMED：由 v1 维度「资产负债结构」固化，以 financial_metric 形态独立研究，覆盖 ['snapshot_authority', 'item_formula_identity', 'period', 'scope', 'currency_unit', 'required_input_completeness', 'calculation_provenance', 'comparability']，证据 ['er_fin_balance']（['structured_db']），主槽位 fin-h2；可独立核验，无需额外业务裁决",,,资产负债结构与重大科目变化；科目占资产或负债 15% 以上强制分析，重点科目无论占比均分析,资产负债结构 | 重大科目变化 | 15%以上科目强制分析,unchanged,v1 required_aspects 固化为稳定 aspect_id，无语义变更（不拆分）。,资产负债结构,资产负债结构,"以 financial_metric 形态独立研究，required_fields=['资产结构', '负债结构']，可独立核验/成缺口","覆盖规则 ['snapshot_authority', 'item_formula_identity', 'period', 'scope', 'currency_unit', 'required_input_completeness', 'calculation_provenance', 'comparability']（producer_kind=financial_workflow，集合锚点 无）",不保留 search_audit：普通正向事实或财务/派生/synth，不机械要求检索审计,证据 ['er_fin_balance']：evidence_kind=['calculation']，source_classes=['structured_db']，minimum_sources=[1],primary:fin-h2,主槽位落在 fin-h2（财务 H2 正文），与 producer_kind=financial_workflow 目标 Writer 章节一致
financial,fin_balance_structure,fin_balance_structure,资产负债结构与重大科目变化；科目占资产或负债 15% 以上强制分析，重点科目无论占比均分析,financial_workflow,fin_balance_structure.major_account_changes,financial_metric,重大科目变化,financial_workflow,重大科目 | 变化幅度 | 变化原因,snapshot_authority | item_formula_identity | period | scope | currency_unit | required_input_completeness | calculation_provenance | comparability,,er_fin_balance,calculation,source_policy_v1,THREE_YEARS_PLUS_LATEST,required_body,paragraph_and_table,write_not_found,SECTION_BLOCKED,,key_financial,body,,,CONFIRMED,"CONFIRMED：由 v1 维度「重大科目变化」固化，以 financial_metric 形态独立研究，覆盖 ['snapshot_authority', 'item_formula_identity', 'period', 'scope', 'currency_unit', 'required_input_completeness', 'calculation_provenance', 'comparability']，证据 ['er_fin_balance']（['structured_db']），主槽位 fin-h2；可独立核验，无需额外业务裁决",,,资产负债结构与重大科目变化；科目占资产或负债 15% 以上强制分析，重点科目无论占比均分析,资产负债结构 | 重大科目变化 | 15%以上科目强制分析,unchanged,v1 required_aspects 固化为稳定 aspect_id，无语义变更（不拆分）。,重大科目变化,重大科目变化,"以 financial_metric 形态独立研究，required_fields=['重大科目', '变化幅度', '变化原因']，可独立核验/成缺口","覆盖规则 ['snapshot_authority', 'item_formula_identity', 'period', 'scope', 'currency_unit', 'required_input_completeness', 'calculation_provenance', 'comparability']（producer_kind=financial_workflow，集合锚点 无）",不保留 search_audit：普通正向事实或财务/派生/synth，不机械要求检索审计,证据 ['er_fin_balance']：evidence_kind=['calculation']，source_classes=['structured_db']，minimum_sources=[1],primary:fin-h2,主槽位落在 fin-h2（财务 H2 正文），与 producer_kind=financial_workflow 目标 Writer 章节一致
financial,fin_balance_structure,fin_balance_structure,资产负债结构与重大科目变化；科目占资产或负债 15% 以上强制分析，重点科目无论占比均分析,financial_workflow,fin_balance_structure.fifteen_pct_forced_analysis,financial_metric,15%以上科目强制分析,financial_workflow,15%以上科目,snapshot_authority | item_formula_identity | period | scope | currency_unit | required_input_completeness | calculation_provenance | comparability,占资产或负债15%以上的科目强制分析；重点科目无论占比均分析,er_fin_balance,calculation,source_policy_v1,THREE_YEARS_PLUS_LATEST,required_body,paragraph_and_table,write_not_found,SECTION_BLOCKED,,key_financial,body,,,CONFIRMED,"CONFIRMED：由 v1 维度「15%以上科目强制分析」固化，以 financial_metric 形态独立研究，覆盖 ['snapshot_authority', 'item_formula_identity', 'period', 'scope', 'currency_unit', 'required_input_completeness', 'calculation_provenance', 'comparability']，证据 ['er_fin_balance']（['structured_db']），主槽位 fin-h2；可独立核验，无需额外业务裁决",,,资产负债结构与重大科目变化；科目占资产或负债 15% 以上强制分析，重点科目无论占比均分析,资产负债结构 | 重大科目变化 | 15%以上科目强制分析,unchanged,v1 required_aspects 固化为稳定 aspect_id，无语义变更（不拆分）。,15%以上科目强制分析,15%以上科目强制分析,以 financial_metric 形态独立研究，required_fields=['15%以上科目']，可独立核验/成缺口,"覆盖规则 ['snapshot_authority', 'item_formula_identity', 'period', 'scope', 'currency_unit', 'required_input_completeness', 'calculation_provenance', 'comparability']（producer_kind=financial_workflow，集合锚点 占资产或负债15%以上的科目强制分析；重点科目无论占比均分析）",不保留 search_audit：普通正向事实或财务/派生/synth，不机械要求检索审计,证据 ['er_fin_balance']：evidence_kind=['calculation']，source_classes=['structured_db']，minimum_sources=[1],primary:fin-h2,主槽位落在 fin-h2（财务 H2 正文），与 producer_kind=financial_workflow 目标 Writer 章节一致
financial,fin_solvency,fin_solvency,短期与长期偿债能力、净资产水平与刚性债务结构；有息负债可靠取得时进入正文，利息费用代理进入诊断槽位,financial_workflow,fin_solvency.short_term_solvency,financial_metric,短期偿债能力,financial_workflow,短期偿债指标,snapshot_authority | item_formula_identity | period | scope | currency_unit | required_input_completeness | calculation_provenance | comparability,,er_fin_solvency,calculation,source_policy_v1,THREE_YEARS_PLUS_LATEST,required_body,paragraph_and_table,write_not_found,SECTION_BLOCKED,,solvency | key_financial,body,,,CONFIRMED,"CONFIRMED：由 v1 维度「短期偿债能力」固化，以 financial_metric 形态独立研究，覆盖 ['snapshot_authority', 'item_formula_identity', 'period', 'scope', 'currency_unit', 'required_input_completeness', 'calculation_provenance', 'comparability']，证据 ['er_fin_solvency']（['structured_db']），主槽位 fin-h2；可独立核验，无需额外业务裁决",,,短期与长期偿债能力、净资产水平与刚性债务结构,短期偿债能力 | 长期偿债能力 | 净资产水平 | 刚性债务结构,display_refined,v1 required_aspects 保留，另新增诊断槽位 aspect ['fin_solvency.interest_expense_proxy']（diagnostic_only+audit_only，不进正文判断）。,短期偿债能力,短期偿债能力,以 financial_metric 形态独立研究，required_fields=['短期偿债指标']，可独立核验/成缺口,"覆盖规则 ['snapshot_authority', 'item_formula_identity', 'period', 'scope', 'currency_unit', 'required_input_completeness', 'calculation_provenance', 'comparability']（producer_kind=financial_workflow，集合锚点 无）",不保留 search_audit：普通正向事实或财务/派生/synth，不机械要求检索审计,证据 ['er_fin_solvency']：evidence_kind=['calculation']，source_classes=['structured_db']，minimum_sources=[1],primary:fin-h2,主槽位落在 fin-h2（财务 H2 正文），与 producer_kind=financial_workflow 目标 Writer 章节一致
financial,fin_solvency,fin_solvency,短期与长期偿债能力、净资产水平与刚性债务结构；有息负债可靠取得时进入正文，利息费用代理进入诊断槽位,financial_workflow,fin_solvency.long_term_solvency,financial_metric,长期偿债能力,financial_workflow,长期偿债指标,snapshot_authority | item_formula_identity | period | scope | currency_unit | required_input_completeness | calculation_provenance | comparability,,er_fin_solvency,calculation,source_policy_v1,THREE_YEARS_PLUS_LATEST,required_body,paragraph_and_table,write_not_found,SECTION_BLOCKED,,solvency | key_financial,body,,,CONFIRMED,"CONFIRMED：由 v1 维度「长期偿债能力」固化，以 financial_metric 形态独立研究，覆盖 ['snapshot_authority', 'item_formula_identity', 'period', 'scope', 'currency_unit', 'required_input_completeness', 'calculation_provenance', 'comparability']，证据 ['er_fin_solvency']（['structured_db']），主槽位 fin-h2；可独立核验，无需额外业务裁决",,,短期与长期偿债能力、净资产水平与刚性债务结构,短期偿债能力 | 长期偿债能力 | 净资产水平 | 刚性债务结构,display_refined,v1 required_aspects 保留，另新增诊断槽位 aspect ['fin_solvency.interest_expense_proxy']（diagnostic_only+audit_only，不进正文判断）。,长期偿债能力,长期偿债能力,以 financial_metric 形态独立研究，required_fields=['长期偿债指标']，可独立核验/成缺口,"覆盖规则 ['snapshot_authority', 'item_formula_identity', 'period', 'scope', 'currency_unit', 'required_input_completeness', 'calculation_provenance', 'comparability']（producer_kind=financial_workflow，集合锚点 无）",不保留 search_audit：普通正向事实或财务/派生/synth，不机械要求检索审计,证据 ['er_fin_solvency']：evidence_kind=['calculation']，source_classes=['structured_db']，minimum_sources=[1],primary:fin-h2,主槽位落在 fin-h2（财务 H2 正文），与 producer_kind=financial_workflow 目标 Writer 章节一致
financial,fin_solvency,fin_solvency,短期与长期偿债能力、净资产水平与刚性债务结构；有息负债可靠取得时进入正文，利息费用代理进入诊断槽位,financial_workflow,fin_solvency.net_asset_level,financial_metric,净资产水平,financial_workflow,净资产水平,snapshot_authority | item_formula_identity | period | scope | currency_unit | required_input_completeness | calculation_provenance | comparability,,er_fin_solvency,calculation,source_policy_v1,THREE_YEARS_PLUS_LATEST,required_body,paragraph,write_not_found,SECTION_BLOCKED,,solvency | key_financial,body,,,CONFIRMED,"CONFIRMED：由 v1 维度「净资产水平」固化，以 financial_metric 形态独立研究，覆盖 ['snapshot_authority', 'item_formula_identity', 'period', 'scope', 'currency_unit', 'required_input_completeness', 'calculation_provenance', 'comparability']，证据 ['er_fin_solvency']（['structured_db']），主槽位 fin-h2；可独立核验，无需额外业务裁决",,,短期与长期偿债能力、净资产水平与刚性债务结构,短期偿债能力 | 长期偿债能力 | 净资产水平 | 刚性债务结构,display_refined,v1 required_aspects 保留，另新增诊断槽位 aspect ['fin_solvency.interest_expense_proxy']（diagnostic_only+audit_only，不进正文判断）。,净资产水平,净资产水平,以 financial_metric 形态独立研究，required_fields=['净资产水平']，可独立核验/成缺口,"覆盖规则 ['snapshot_authority', 'item_formula_identity', 'period', 'scope', 'currency_unit', 'required_input_completeness', 'calculation_provenance', 'comparability']（producer_kind=financial_workflow，集合锚点 无）",不保留 search_audit：普通正向事实或财务/派生/synth，不机械要求检索审计,证据 ['er_fin_solvency']：evidence_kind=['calculation']，source_classes=['structured_db']，minimum_sources=[1],primary:fin-h2,主槽位落在 fin-h2（财务 H2 正文），与 producer_kind=financial_workflow 目标 Writer 章节一致
financial,fin_solvency,fin_solvency,短期与长期偿债能力、净资产水平与刚性债务结构；有息负债可靠取得时进入正文，利息费用代理进入诊断槽位,financial_workflow,fin_solvency.rigid_debt_structure,financial_metric,刚性债务结构,financial_workflow,刚性债务结构,snapshot_authority | item_formula_identity | period | scope | currency_unit | required_input_completeness | calculation_provenance | comparability,,er_fin_solvency,calculation,source_policy_v1,THREE_YEARS_PLUS_LATEST,required_body,paragraph_and_table,write_not_found,SECTION_BLOCKED,,solvency | key_financial,body,,,CONFIRMED,"CONFIRMED：由 v1 维度「刚性债务结构」固化，以 financial_metric 形态独立研究，覆盖 ['snapshot_authority', 'item_formula_identity', 'period', 'scope', 'currency_unit', 'required_input_completeness', 'calculation_provenance', 'comparability']，证据 ['er_fin_solvency']（['structured_db']），主槽位 fin-h2；可独立核验，无需额外业务裁决",,,短期与长期偿债能力、净资产水平与刚性债务结构,短期偿债能力 | 长期偿债能力 | 净资产水平 | 刚性债务结构,display_refined,v1 required_aspects 保留，另新增诊断槽位 aspect ['fin_solvency.interest_expense_proxy']（diagnostic_only+audit_only，不进正文判断）。,刚性债务结构,刚性债务结构,以 financial_metric 形态独立研究，required_fields=['刚性债务结构']，可独立核验/成缺口,"覆盖规则 ['snapshot_authority', 'item_formula_identity', 'period', 'scope', 'currency_unit', 'required_input_completeness', 'calculation_provenance', 'comparability']（producer_kind=financial_workflow，集合锚点 无）",不保留 search_audit：普通正向事实或财务/派生/synth，不机械要求检索审计,证据 ['er_fin_solvency']：evidence_kind=['calculation']，source_classes=['structured_db']，minimum_sources=[1],primary:fin-h2; secondary:fin-h5,主槽位落在 fin-h2（财务 H2 正文），与 producer_kind=financial_workflow 目标 Writer 章节一致
financial,fin_solvency,fin_solvency,短期与长期偿债能力、净资产水平与刚性债务结构；有息负债可靠取得时进入正文，利息费用代理进入诊断槽位,financial_workflow,fin_solvency.interest_bearing_debt,financial_metric,有息负债（可靠取得时进入正文，不可靠时显式缺口，不得用不可靠代理）,financial_workflow,有息负债余额,snapshot_authority | item_formula_identity | period | scope | currency_unit | required_input_completeness | calculation_provenance | comparability,,er_fin_solvency,calculation,source_policy_v1,THREE_YEARS_PLUS_LATEST,required_body,paragraph_and_table,write_not_found,SECTION_BLOCKED,,solvency | key_financial,body,,,CONFIRMED,"CONFIRMED：由 v1 维度「短期偿债能力、长期偿债能力、净资产水平、刚性债务结构」固化，以 financial_metric 形态独立研究，覆盖 ['snapshot_authority', 'item_formula_identity', 'period', 'scope', 'currency_unit', 'required_input_completeness', 'calculation_provenance', 'comparability']，证据 ['er_fin_solvency']（['structured_db']），主槽位 fin-h2；可独立核验，无需额外业务裁决",,,短期与长期偿债能力、净资产水平与刚性债务结构,短期偿债能力 | 长期偿债能力 | 净资产水平 | 刚性债务结构,display_refined,v1 required_aspects 保留，另新增诊断槽位 aspect ['fin_solvency.interest_expense_proxy']（diagnostic_only+audit_only，不进正文判断）。,短期偿债能力 | 长期偿债能力 | 净资产水平 | 刚性债务结构,有息负债（可靠取得时进入正文，不可靠时显式缺口，不得用不可靠代理）,以 financial_metric 形态独立研究，required_fields=['有息负债余额']，可独立核验/成缺口,"覆盖规则 ['snapshot_authority', 'item_formula_identity', 'period', 'scope', 'currency_unit', 'required_input_completeness', 'calculation_provenance', 'comparability']（producer_kind=financial_workflow，集合锚点 无）",不保留 search_audit：普通正向事实或财务/派生/synth，不机械要求检索审计,证据 ['er_fin_solvency']：evidence_kind=['calculation']，source_classes=['structured_db']，minimum_sources=[1],primary:fin-h2; secondary:fin-h5,主槽位落在 fin-h2（财务 H2 正文），与 producer_kind=financial_workflow 目标 Writer 章节一致
financial,fin_solvency,fin_solvency,短期与长期偿债能力、净资产水平与刚性债务结构；有息负债可靠取得时进入正文，利息费用代理进入诊断槽位,financial_workflow,fin_solvency.interest_expense_proxy,financial_metric,利息费用代理（不可靠，仅进入诊断槽位）,financial_workflow,利息费用代理,snapshot_authority | item_formula_identity | period | scope | currency_unit | required_input_completeness | calculation_provenance | comparability,,er_fin_solvency,calculation,source_policy_v1,THREE_YEARS_PLUS_LATEST,diagnostic_only,audit_only,write_not_found,NONE,,solvency,body,,,CONFIRMED,"CONFIRMED：由 v1 维度「短期偿债能力、长期偿债能力、净资产水平、刚性债务结构」固化，以 financial_metric 形态独立研究，覆盖 ['snapshot_authority', 'item_formula_identity', 'period', 'scope', 'currency_unit', 'required_input_completeness', 'calculation_provenance', 'comparability']，证据 ['er_fin_solvency']（['structured_db']），主槽位 fin-h2；可独立核验，无需额外业务裁决",,,短期与长期偿债能力、净资产水平与刚性债务结构,短期偿债能力 | 长期偿债能力 | 净资产水平 | 刚性债务结构,display_refined,v1 required_aspects 保留，另新增诊断槽位 aspect ['fin_solvency.interest_expense_proxy']（diagnostic_only+audit_only，不进正文判断）。,短期偿债能力 | 长期偿债能力 | 净资产水平 | 刚性债务结构,利息费用代理（不可靠，仅进入诊断槽位）,以 financial_metric 形态独立研究，required_fields=['利息费用代理']，可独立核验/成缺口,"覆盖规则 ['snapshot_authority', 'item_formula_identity', 'period', 'scope', 'currency_unit', 'required_input_completeness', 'calculation_provenance', 'comparability']（producer_kind=financial_workflow，集合锚点 无）",不保留 search_audit：普通正向事实或财务/派生/synth，不机械要求检索审计,证据 ['er_fin_solvency']：evidence_kind=['calculation']，source_classes=['structured_db']，minimum_sources=[1],primary:fin-h2,主槽位落在 fin-h2（财务 H2 正文），与 producer_kind=financial_workflow 目标 Writer 章节一致
financial,fin_profitability,fin_profitability,盈利能力与利润质量；EBITDA 进入诊断槽位，期间费用率属盈利能力/期间费用分析,financial_workflow,fin_profitability.gross_margin,financial_metric,毛利率,financial_workflow,毛利率,snapshot_authority | item_formula_identity | period | scope | currency_unit | required_input_completeness | calculation_provenance | comparability,,er_fin_profitability,calculation,source_policy_v1,THREE_YEARS_PLUS_LATEST,required_body,paragraph_and_table,write_not_found,SECTION_BLOCKED,,key_financial,body,,,CONFIRMED,"CONFIRMED：由 v1 维度「毛利率」固化，以 financial_metric 形态独立研究，覆盖 ['snapshot_authority', 'item_formula_identity', 'period', 'scope', 'currency_unit', 'required_input_completeness', 'calculation_provenance', 'comparability']，证据 ['er_fin_profitability']（['structured_db']），主槽位 fin-h3；可独立核验，无需额外业务裁决",,,盈利能力与利润质量,毛利率 | 净利率 | ROE | ROA | 利润质量,display_refined,v1 required_aspects 保留，另新增诊断槽位 aspect ['fin_profitability.ebitda']（diagnostic_only+audit_only，不进正文判断）。,毛利率,毛利率,以 financial_metric 形态独立研究，required_fields=['毛利率']，可独立核验/成缺口,"覆盖规则 ['snapshot_authority', 'item_formula_identity', 'period', 'scope', 'currency_unit', 'required_input_completeness', 'calculation_provenance', 'comparability']（producer_kind=financial_workflow，集合锚点 无）",不保留 search_audit：普通正向事实或财务/派生/synth，不机械要求检索审计,证据 ['er_fin_profitability']：evidence_kind=['calculation']，source_classes=['structured_db']，minimum_sources=[1],primary:fin-h3,主槽位落在 fin-h3（财务 H2 正文），与 producer_kind=financial_workflow 目标 Writer 章节一致
financial,fin_profitability,fin_profitability,盈利能力与利润质量；EBITDA 进入诊断槽位，期间费用率属盈利能力/期间费用分析,financial_workflow,fin_profitability.net_margin,financial_metric,净利率,financial_workflow,净利率,snapshot_authority | item_formula_identity | period | scope | currency_unit | required_input_completeness | calculation_provenance | comparability,,er_fin_profitability,calculation,source_policy_v1,THREE_YEARS_PLUS_LATEST,required_body,paragraph_and_table,write_not_found,SECTION_BLOCKED,,key_financial,body,,,CONFIRMED,"CONFIRMED：由 v1 维度「净利率」固化，以 financial_metric 形态独立研究，覆盖 ['snapshot_authority', 'item_formula_identity', 'period', 'scope', 'currency_unit', 'required_input_completeness', 'calculation_provenance', 'comparability']，证据 ['er_fin_profitability']（['structured_db']），主槽位 fin-h3；可独立核验，无需额外业务裁决",,,盈利能力与利润质量,毛利率 | 净利率 | ROE | ROA | 利润质量,display_refined,v1 required_aspects 保留，另新增诊断槽位 aspect ['fin_profitability.ebitda']（diagnostic_only+audit_only，不进正文判断）。,净利率,净利率,以 financial_metric 形态独立研究，required_fields=['净利率']，可独立核验/成缺口,"覆盖规则 ['snapshot_authority', 'item_formula_identity', 'period', 'scope', 'currency_unit', 'required_input_completeness', 'calculation_provenance', 'comparability']（producer_kind=financial_workflow，集合锚点 无）",不保留 search_audit：普通正向事实或财务/派生/synth，不机械要求检索审计,证据 ['er_fin_profitability']：evidence_kind=['calculation']，source_classes=['structured_db']，minimum_sources=[1],primary:fin-h3,主槽位落在 fin-h3（财务 H2 正文），与 producer_kind=financial_workflow 目标 Writer 章节一致
financial,fin_profitability,fin_profitability,盈利能力与利润质量；EBITDA 进入诊断槽位，期间费用率属盈利能力/期间费用分析,financial_workflow,fin_profitability.roe,financial_metric,ROE,financial_workflow,ROE,snapshot_authority | item_formula_identity | period | scope | currency_unit | required_input_completeness | calculation_provenance | comparability,,er_fin_profitability,calculation,source_policy_v1,THREE_YEARS_PLUS_LATEST,required_body,paragraph_and_table,write_not_found,SECTION_BLOCKED,,key_financial,body,,,CONFIRMED,"CONFIRMED：由 v1 维度「ROE」固化，以 financial_metric 形态独立研究，覆盖 ['snapshot_authority', 'item_formula_identity', 'period', 'scope', 'currency_unit', 'required_input_completeness', 'calculation_provenance', 'comparability']，证据 ['er_fin_profitability']（['structured_db']），主槽位 fin-h3；可独立核验，无需额外业务裁决",,,盈利能力与利润质量,毛利率 | 净利率 | ROE | ROA | 利润质量,display_refined,v1 required_aspects 保留，另新增诊断槽位 aspect ['fin_profitability.ebitda']（diagnostic_only+audit_only，不进正文判断）。,ROE,ROE,以 financial_metric 形态独立研究，required_fields=['ROE']，可独立核验/成缺口,"覆盖规则 ['snapshot_authority', 'item_formula_identity', 'period', 'scope', 'currency_unit', 'required_input_completeness', 'calculation_provenance', 'comparability']（producer_kind=financial_workflow，集合锚点 无）",不保留 search_audit：普通正向事实或财务/派生/synth，不机械要求检索审计,证据 ['er_fin_profitability']：evidence_kind=['calculation']，source_classes=['structured_db']，minimum_sources=[1],primary:fin-h3,主槽位落在 fin-h3（财务 H2 正文），与 producer_kind=financial_workflow 目标 Writer 章节一致
financial,fin_profitability,fin_profitability,盈利能力与利润质量；EBITDA 进入诊断槽位，期间费用率属盈利能力/期间费用分析,financial_workflow,fin_profitability.roa,financial_metric,ROA,financial_workflow,ROA,snapshot_authority | item_formula_identity | period | scope | currency_unit | required_input_completeness | calculation_provenance | comparability,,er_fin_profitability,calculation,source_policy_v1,THREE_YEARS_PLUS_LATEST,required_body,paragraph_and_table,write_not_found,SECTION_BLOCKED,,key_financial,body,,,CONFIRMED,"CONFIRMED：由 v1 维度「ROA」固化，以 financial_metric 形态独立研究，覆盖 ['snapshot_authority', 'item_formula_identity', 'period', 'scope', 'currency_unit', 'required_input_completeness', 'calculation_provenance', 'comparability']，证据 ['er_fin_profitability']（['structured_db']），主槽位 fin-h3；可独立核验，无需额外业务裁决",,,盈利能力与利润质量,毛利率 | 净利率 | ROE | ROA | 利润质量,display_refined,v1 required_aspects 保留，另新增诊断槽位 aspect ['fin_profitability.ebitda']（diagnostic_only+audit_only，不进正文判断）。,ROA,ROA,以 financial_metric 形态独立研究，required_fields=['ROA']，可独立核验/成缺口,"覆盖规则 ['snapshot_authority', 'item_formula_identity', 'period', 'scope', 'currency_unit', 'required_input_completeness', 'calculation_provenance', 'comparability']（producer_kind=financial_workflow，集合锚点 无）",不保留 search_audit：普通正向事实或财务/派生/synth，不机械要求检索审计,证据 ['er_fin_profitability']：evidence_kind=['calculation']，source_classes=['structured_db']，minimum_sources=[1],primary:fin-h3,主槽位落在 fin-h3（财务 H2 正文），与 producer_kind=financial_workflow 目标 Writer 章节一致
financial,fin_profitability,fin_profitability,盈利能力与利润质量；EBITDA 进入诊断槽位，期间费用率属盈利能力/期间费用分析,financial_workflow,fin_profitability.profit_quality,single_judgment,利润质量（财务比率角度：盈利的持续性、含金量与质量）,financial_workflow,利润质量判断,snapshot_authority | item_formula_identity | period | scope | currency_unit | required_input_completeness | calculation_provenance | comparability,,er_fin_profitability,calculation,source_policy_v1,THREE_YEARS_PLUS_LATEST,required_body,paragraph,write_not_found,SECTION_BLOCKED,,key_financial,body,,,CONFIRMED,"CONFIRMED：由 v1 维度「利润质量」固化，以 single_judgment 形态独立研究，覆盖 ['snapshot_authority', 'item_formula_identity', 'period', 'scope', 'currency_unit', 'required_input_completeness', 'calculation_provenance', 'comparability']，证据 ['er_fin_profitability']（['structured_db']），主槽位 fin-h3；可独立核验，无需额外业务裁决",,,盈利能力与利润质量,毛利率 | 净利率 | ROE | ROA | 利润质量,display_refined,v1 required_aspects 保留，另新增诊断槽位 aspect ['fin_profitability.ebitda']（diagnostic_only+audit_only，不进正文判断）。,利润质量,利润质量（财务比率角度：盈利的持续性、含金量与质量）,以 single_judgment 形态独立研究，required_fields=['利润质量判断']，可独立核验/成缺口,"覆盖规则 ['snapshot_authority', 'item_formula_identity', 'period', 'scope', 'currency_unit', 'required_input_completeness', 'calculation_provenance', 'comparability']（producer_kind=financial_workflow，集合锚点 无）",不保留 search_audit：普通正向事实或财务/派生/synth，不机械要求检索审计,证据 ['er_fin_profitability']：evidence_kind=['calculation']，source_classes=['structured_db']，minimum_sources=[1],primary:fin-h3,主槽位落在 fin-h3（财务 H2 正文），与 producer_kind=financial_workflow 目标 Writer 章节一致
financial,fin_profitability,fin_profitability,盈利能力与利润质量；EBITDA 进入诊断槽位，期间费用率属盈利能力/期间费用分析,financial_workflow,fin_profitability.ebitda,financial_metric,EBITDA（进入诊断槽位）,financial_workflow,EBITDA,snapshot_authority | item_formula_identity | period | scope | currency_unit | required_input_completeness | calculation_provenance | comparability,,er_fin_profitability,calculation,source_policy_v1,THREE_YEARS_PLUS_LATEST,diagnostic_only,audit_only,write_not_found,NONE,,key_financial,body,,,CONFIRMED,"CONFIRMED：由 v1 维度「毛利率、净利率、ROE、ROA、利润质量」固化，以 financial_metric 形态独立研究，覆盖 ['snapshot_authority', 'item_formula_identity', 'period', 'scope', 'currency_unit', 'required_input_completeness', 'calculation_provenance', 'comparability']，证据 ['er_fin_profitability']（['structured_db']），主槽位 fin-h3；可独立核验，无需额外业务裁决",,,盈利能力与利润质量,毛利率 | 净利率 | ROE | ROA | 利润质量,display_refined,v1 required_aspects 保留，另新增诊断槽位 aspect ['fin_profitability.ebitda']（diagnostic_only+audit_only，不进正文判断）。,毛利率 | 净利率 | ROE | ROA | 利润质量,EBITDA（进入诊断槽位）,以 financial_metric 形态独立研究，required_fields=['EBITDA']，可独立核验/成缺口,"覆盖规则 ['snapshot_authority', 'item_formula_identity', 'period', 'scope', 'currency_unit', 'required_input_completeness', 'calculation_provenance', 'comparability']（producer_kind=financial_workflow，集合锚点 无）",不保留 search_audit：普通正向事实或财务/派生/synth，不机械要求检索审计,证据 ['er_fin_profitability']：evidence_kind=['calculation']，source_classes=['structured_db']，minimum_sources=[1],primary:fin-h3,主槽位落在 fin-h3（财务 H2 正文），与 producer_kind=financial_workflow 目标 Writer 章节一致
financial,fin_profitability,fin_profitability,盈利能力与利润质量；EBITDA 进入诊断槽位，期间费用率属盈利能力/期间费用分析,financial_workflow,fin_profitability.exp_period_rate,financial_metric,期间费用率（属盈利能力/期间费用分析，不属于现金流）,financial_workflow,期间费用率,snapshot_authority | item_formula_identity | period | scope | currency_unit | required_input_completeness | calculation_provenance | comparability,,er_fin_profitability,calculation,source_policy_v1,THREE_YEARS_PLUS_LATEST,required_body,paragraph,write_not_found,SECTION_BLOCKED,,key_financial,body,,,CONFIRMED,"CONFIRMED：由 v1 维度「毛利率、净利率、ROE、ROA、利润质量」固化，以 financial_metric 形态独立研究，覆盖 ['snapshot_authority', 'item_formula_identity', 'period', 'scope', 'currency_unit', 'required_input_completeness', 'calculation_provenance', 'comparability']，证据 ['er_fin_profitability']（['structured_db']），主槽位 fin-h3；可独立核验，无需额外业务裁决",,,盈利能力与利润质量,毛利率 | 净利率 | ROE | ROA | 利润质量,display_refined,v1 required_aspects 保留，另新增诊断槽位 aspect ['fin_profitability.ebitda']（diagnostic_only+audit_only，不进正文判断）。,毛利率 | 净利率 | ROE | ROA | 利润质量,期间费用率（属盈利能力/期间费用分析，不属于现金流）,以 financial_metric 形态独立研究，required_fields=['期间费用率']，可独立核验/成缺口,"覆盖规则 ['snapshot_authority', 'item_formula_identity', 'period', 'scope', 'currency_unit', 'required_input_completeness', 'calculation_provenance', 'comparability']（producer_kind=financial_workflow，集合锚点 无）",不保留 search_audit：普通正向事实或财务/派生/synth，不机械要求检索审计,证据 ['er_fin_profitability']：evidence_kind=['calculation']，source_classes=['structured_db']，minimum_sources=[1],primary:fin-h3,主槽位落在 fin-h3（财务 H2 正文），与 producer_kind=financial_workflow 目标 Writer 章节一致
financial,fin_operating,fin_operating,营运效率（应收账款、存货、总资产周转）,financial_workflow,fin_operating.receivable_turnover,financial_metric,应收账款周转,financial_workflow,应收账款周转率,snapshot_authority | item_formula_identity | period | scope | currency_unit | required_input_completeness | calculation_provenance | comparability,,er_fin_operating,calculation,source_policy_v1,THREE_YEARS_PLUS_LATEST,required_body,paragraph_and_table,write_not_found,NONE,,key_financial,body,,,CONFIRMED,"CONFIRMED：由 v1 维度「应收账款周转」固化，以 financial_metric 形态独立研究，覆盖 ['snapshot_authority', 'item_formula_identity', 'period', 'scope', 'currency_unit', 'required_input_completeness', 'calculation_provenance', 'comparability']，证据 ['er_fin_operating']（['structured_db']），主槽位 fin-h5；可独立核验，无需额外业务裁决",,,营运效率（应收账款、存货、总资产周转）,应收账款周转 | 存货周转 | 总资产周转,unchanged,v1 required_aspects 固化为稳定 aspect_id，无语义变更（不拆分）。,应收账款周转,应收账款周转,以 financial_metric 形态独立研究，required_fields=['应收账款周转率']，可独立核验/成缺口,"覆盖规则 ['snapshot_authority', 'item_formula_identity', 'period', 'scope', 'currency_unit', 'required_input_completeness', 'calculation_provenance', 'comparability']（producer_kind=financial_workflow，集合锚点 无）",不保留 search_audit：普通正向事实或财务/派生/synth，不机械要求检索审计,证据 ['er_fin_operating']：evidence_kind=['calculation']，source_classes=['structured_db']，minimum_sources=[1],primary:fin-h5,主槽位落在 fin-h5（财务 H2 正文），与 producer_kind=financial_workflow 目标 Writer 章节一致
financial,fin_operating,fin_operating,营运效率（应收账款、存货、总资产周转）,financial_workflow,fin_operating.inventory_turnover,financial_metric,存货周转,financial_workflow,存货周转率,snapshot_authority | item_formula_identity | period | scope | currency_unit | required_input_completeness | calculation_provenance | comparability,,er_fin_operating,calculation,source_policy_v1,THREE_YEARS_PLUS_LATEST,required_body,paragraph_and_table,write_not_found,NONE,,key_financial,body,,,CONFIRMED,"CONFIRMED：由 v1 维度「存货周转」固化，以 financial_metric 形态独立研究，覆盖 ['snapshot_authority', 'item_formula_identity', 'period', 'scope', 'currency_unit', 'required_input_completeness', 'calculation_provenance', 'comparability']，证据 ['er_fin_operating']（['structured_db']），主槽位 fin-h5；可独立核验，无需额外业务裁决",,,营运效率（应收账款、存货、总资产周转）,应收账款周转 | 存货周转 | 总资产周转,unchanged,v1 required_aspects 固化为稳定 aspect_id，无语义变更（不拆分）。,存货周转,存货周转,以 financial_metric 形态独立研究，required_fields=['存货周转率']，可独立核验/成缺口,"覆盖规则 ['snapshot_authority', 'item_formula_identity', 'period', 'scope', 'currency_unit', 'required_input_completeness', 'calculation_provenance', 'comparability']（producer_kind=financial_workflow，集合锚点 无）",不保留 search_audit：普通正向事实或财务/派生/synth，不机械要求检索审计,证据 ['er_fin_operating']：evidence_kind=['calculation']，source_classes=['structured_db']，minimum_sources=[1],primary:fin-h5,主槽位落在 fin-h5（财务 H2 正文），与 producer_kind=financial_workflow 目标 Writer 章节一致
financial,fin_operating,fin_operating,营运效率（应收账款、存货、总资产周转）,financial_workflow,fin_operating.total_asset_turnover,financial_metric,总资产周转,financial_workflow,总资产周转率,snapshot_authority | item_formula_identity | period | scope | currency_unit | required_input_completeness | calculation_provenance | comparability,,er_fin_operating,calculation,source_policy_v1,THREE_YEARS_PLUS_LATEST,required_body,paragraph_and_table,write_not_found,NONE,,key_financial,body,,,CONFIRMED,"CONFIRMED：由 v1 维度「总资产周转」固化，以 financial_metric 形态独立研究，覆盖 ['snapshot_authority', 'item_formula_identity', 'period', 'scope', 'currency_unit', 'required_input_completeness', 'calculation_provenance', 'comparability']，证据 ['er_fin_operating']（['structured_db']），主槽位 fin-h5；可独立核验，无需额外业务裁决",,,营运效率（应收账款、存货、总资产周转）,应收账款周转 | 存货周转 | 总资产周转,unchanged,v1 required_aspects 固化为稳定 aspect_id，无语义变更（不拆分）。,总资产周转,总资产周转,以 financial_metric 形态独立研究，required_fields=['总资产周转率']，可独立核验/成缺口,"覆盖规则 ['snapshot_authority', 'item_formula_identity', 'period', 'scope', 'currency_unit', 'required_input_completeness', 'calculation_provenance', 'comparability']（producer_kind=financial_workflow，集合锚点 无）",不保留 search_audit：普通正向事实或财务/派生/synth，不机械要求检索审计,证据 ['er_fin_operating']：evidence_kind=['calculation']，source_classes=['structured_db']，minimum_sources=[1],primary:fin-h5,主槽位落在 fin-h5（财务 H2 正文），与 producer_kind=financial_workflow 目标 Writer 章节一致
financial,fin_cashflow,fin_cashflow,现金流结构与现金保障程度（经营现金流能否覆盖债务与贷款偿付）；FCF 进入诊断槽位,financial_workflow,fin_cashflow.cashflow_structure,financial_metric,现金流结构,financial_workflow,经营现金流 | 投资现金流 | 筹资现金流,snapshot_authority | item_formula_identity | period | scope | currency_unit | required_input_completeness | calculation_provenance | comparability,,er_fin_cashflow,calculation,source_policy_v1,THREE_YEARS_PLUS_LATEST,required_body,paragraph_and_table,write_not_found,SECTION_BLOCKED,,solvency | key_financial,body,,,CONFIRMED,"CONFIRMED：由 v1 维度「现金流结构」固化，以 financial_metric 形态独立研究，覆盖 ['snapshot_authority', 'item_formula_identity', 'period', 'scope', 'currency_unit', 'required_input_completeness', 'calculation_provenance', 'comparability']，证据 ['er_fin_cashflow']（['structured_db']），主槽位 fin-h4；可独立核验，无需额外业务裁决",,,现金流结构与现金保障程度（经营现金流能否覆盖债务与贷款偿付）,现金流结构 | 经营现金流覆盖债务能力,display_refined,v1 required_aspects 保留，另新增诊断槽位 aspect ['fin_cashflow.free_cashflow']（diagnostic_only+audit_only，不进正文判断）。,现金流结构,现金流结构,"以 financial_metric 形态独立研究，required_fields=['经营现金流', '投资现金流', '筹资现金流']，可独立核验/成缺口","覆盖规则 ['snapshot_authority', 'item_formula_identity', 'period', 'scope', 'currency_unit', 'required_input_completeness', 'calculation_provenance', 'comparability']（producer_kind=financial_workflow，集合锚点 无）",不保留 search_audit：普通正向事实或财务/派生/synth，不机械要求检索审计,证据 ['er_fin_cashflow']：evidence_kind=['calculation']，source_classes=['structured_db']，minimum_sources=[1],primary:fin-h4,主槽位落在 fin-h4（财务 H2 正文），与 producer_kind=financial_workflow 目标 Writer 章节一致
financial,fin_cashflow,fin_cashflow,现金流结构与现金保障程度（经营现金流能否覆盖债务与贷款偿付）；FCF 进入诊断槽位,financial_workflow,fin_cashflow.operating_cashflow_debt_coverage,financial_metric,经营现金流覆盖债务能力,financial_workflow,经营现金流偿债覆盖,snapshot_authority | item_formula_identity | period | scope | currency_unit | required_input_completeness | calculation_provenance | comparability,,er_fin_cashflow,calculation,source_policy_v1,THREE_YEARS_PLUS_LATEST,required_body,paragraph,write_not_found,SECTION_BLOCKED,,solvency | key_financial,body,,,CONFIRMED,"CONFIRMED：由 v1 维度「经营现金流覆盖债务能力」固化，以 financial_metric 形态独立研究，覆盖 ['snapshot_authority', 'item_formula_identity', 'period', 'scope', 'currency_unit', 'required_input_completeness', 'calculation_provenance', 'comparability']，证据 ['er_fin_cashflow']（['structured_db']），主槽位 fin-h4；可独立核验，无需额外业务裁决",,,现金流结构与现金保障程度（经营现金流能否覆盖债务与贷款偿付）,现金流结构 | 经营现金流覆盖债务能力,display_refined,v1 required_aspects 保留，另新增诊断槽位 aspect ['fin_cashflow.free_cashflow']（diagnostic_only+audit_only，不进正文判断）。,经营现金流覆盖债务能力,经营现金流覆盖债务能力,以 financial_metric 形态独立研究，required_fields=['经营现金流偿债覆盖']，可独立核验/成缺口,"覆盖规则 ['snapshot_authority', 'item_formula_identity', 'period', 'scope', 'currency_unit', 'required_input_completeness', 'calculation_provenance', 'comparability']（producer_kind=financial_workflow，集合锚点 无）",不保留 search_audit：普通正向事实或财务/派生/synth，不机械要求检索审计,证据 ['er_fin_cashflow']：evidence_kind=['calculation']，source_classes=['structured_db']，minimum_sources=[1],primary:fin-h4; secondary:fin-h5,主槽位落在 fin-h4（财务 H2 正文），与 producer_kind=financial_workflow 目标 Writer 章节一致
financial,fin_cashflow,fin_cashflow,现金流结构与现金保障程度（经营现金流能否覆盖债务与贷款偿付）；FCF 进入诊断槽位,financial_workflow,fin_cashflow.free_cashflow,financial_metric,自由现金流 FCF（进入诊断槽位）,financial_workflow,自由现金流,snapshot_authority | item_formula_identity | period | scope | currency_unit | required_input_completeness | calculation_provenance | comparability,,er_fin_cashflow,calculation,source_policy_v1,THREE_YEARS_PLUS_LATEST,diagnostic_only,audit_only,write_not_found,NONE,,solvency,body,,,CONFIRMED,"CONFIRMED：由 v1 维度「现金流结构、经营现金流覆盖债务能力」固化，以 financial_metric 形态独立研究，覆盖 ['snapshot_authority', 'item_formula_identity', 'period', 'scope', 'currency_unit', 'required_input_completeness', 'calculation_provenance', 'comparability']，证据 ['er_fin_cashflow']（['structured_db']），主槽位 fin-h4；可独立核验，无需额外业务裁决",,,现金流结构与现金保障程度（经营现金流能否覆盖债务与贷款偿付）,现金流结构 | 经营现金流覆盖债务能力,display_refined,v1 required_aspects 保留，另新增诊断槽位 aspect ['fin_cashflow.free_cashflow']（diagnostic_only+audit_only，不进正文判断）。,现金流结构 | 经营现金流覆盖债务能力,自由现金流 FCF（进入诊断槽位）,以 financial_metric 形态独立研究，required_fields=['自由现金流']，可独立核验/成缺口,"覆盖规则 ['snapshot_authority', 'item_formula_identity', 'period', 'scope', 'currency_unit', 'required_input_completeness', 'calculation_provenance', 'comparability']（producer_kind=financial_workflow，集合锚点 无）",不保留 search_audit：普通正向事实或财务/派生/synth，不机械要求检索审计,证据 ['er_fin_cashflow']：evidence_kind=['calculation']，source_classes=['structured_db']，minimum_sources=[1],primary:fin-h4,主槽位落在 fin-h4（财务 H2 正文），与 producer_kind=financial_workflow 目标 Writer 章节一致
financial,fin_growth,fin_growth,增长趋势、异常变动、可能原因与杜邦分析；不可比季度同比进入诊断槽位,financial_workflow,fin_growth.revenue_growth,financial_metric,营收增长率,financial_workflow,营收增长率,snapshot_authority | item_formula_identity | period | scope | currency_unit | required_input_completeness | calculation_provenance | comparability,,er_fin_growth,calculation,source_policy_v1,THREE_YEARS_PLUS_LATEST,required_body,paragraph_and_table,write_not_found,NONE,,key_financial,body,,,CONFIRMED,"CONFIRMED：由 v1 维度「营收增长率」固化，以 financial_metric 形态独立研究，覆盖 ['snapshot_authority', 'item_formula_identity', 'period', 'scope', 'currency_unit', 'required_input_completeness', 'calculation_provenance', 'comparability']，证据 ['er_fin_growth']（['structured_db']），主槽位 fin-h5；可独立核验，无需额外业务裁决",,,增长趋势、异常变动、可能原因与杜邦分析,营收增长率 | 净利增长率 | 异常变动及原因 | 杜邦分析,display_refined,v1 required_aspects 保留，另新增诊断槽位 aspect ['fin_growth.quarterly_yoy']（diagnostic_only+audit_only，不进正文判断）。,营收增长率,营收增长率,以 financial_metric 形态独立研究，required_fields=['营收增长率']，可独立核验/成缺口,"覆盖规则 ['snapshot_authority', 'item_formula_identity', 'period', 'scope', 'currency_unit', 'required_input_completeness', 'calculation_provenance', 'comparability']（producer_kind=financial_workflow，集合锚点 无）",不保留 search_audit：普通正向事实或财务/派生/synth，不机械要求检索审计,证据 ['er_fin_growth']：evidence_kind=['calculation']，source_classes=['structured_db']，minimum_sources=[1],primary:fin-h5,主槽位落在 fin-h5（财务 H2 正文），与 producer_kind=financial_workflow 目标 Writer 章节一致
financial,fin_growth,fin_growth,增长趋势、异常变动、可能原因与杜邦分析；不可比季度同比进入诊断槽位,financial_workflow,fin_growth.net_profit_growth,financial_metric,净利增长率,financial_workflow,净利增长率,snapshot_authority | item_formula_identity | period | scope | currency_unit | required_input_completeness | calculation_provenance | comparability,,er_fin_growth,calculation,source_policy_v1,THREE_YEARS_PLUS_LATEST,required_body,paragraph_and_table,write_not_found,NONE,,key_financial,body,,,CONFIRMED,"CONFIRMED：由 v1 维度「净利增长率」固化，以 financial_metric 形态独立研究，覆盖 ['snapshot_authority', 'item_formula_identity', 'period', 'scope', 'currency_unit', 'required_input_completeness', 'calculation_provenance', 'comparability']，证据 ['er_fin_growth']（['structured_db']），主槽位 fin-h5；可独立核验，无需额外业务裁决",,,增长趋势、异常变动、可能原因与杜邦分析,营收增长率 | 净利增长率 | 异常变动及原因 | 杜邦分析,display_refined,v1 required_aspects 保留，另新增诊断槽位 aspect ['fin_growth.quarterly_yoy']（diagnostic_only+audit_only，不进正文判断）。,净利增长率,净利增长率,以 financial_metric 形态独立研究，required_fields=['净利增长率']，可独立核验/成缺口,"覆盖规则 ['snapshot_authority', 'item_formula_identity', 'period', 'scope', 'currency_unit', 'required_input_completeness', 'calculation_provenance', 'comparability']（producer_kind=financial_workflow，集合锚点 无）",不保留 search_audit：普通正向事实或财务/派生/synth，不机械要求检索审计,证据 ['er_fin_growth']：evidence_kind=['calculation']，source_classes=['structured_db']，minimum_sources=[1],primary:fin-h5,主槽位落在 fin-h5（财务 H2 正文），与 producer_kind=financial_workflow 目标 Writer 章节一致
financial,fin_growth,fin_growth,增长趋势、异常变动、可能原因与杜邦分析；不可比季度同比进入诊断槽位,financial_workflow,fin_growth.abnormal_change_reason,single_judgment,异常变动及原因,financial_workflow,异常变动 | 原因,snapshot_authority | item_formula_identity | period | scope | currency_unit | required_input_completeness | calculation_provenance | comparability,,er_fin_growth,calculation,source_policy_v1,THREE_YEARS_PLUS_LATEST,required_body,paragraph,write_not_found,NONE,,key_financial,body,,,CONFIRMED,"CONFIRMED：由 v1 维度「异常变动及原因」固化，以 single_judgment 形态独立研究，覆盖 ['snapshot_authority', 'item_formula_identity', 'period', 'scope', 'currency_unit', 'required_input_completeness', 'calculation_provenance', 'comparability']，证据 ['er_fin_growth']（['structured_db']），主槽位 fin-h5；可独立核验，无需额外业务裁决",,,增长趋势、异常变动、可能原因与杜邦分析,营收增长率 | 净利增长率 | 异常变动及原因 | 杜邦分析,display_refined,v1 required_aspects 保留，另新增诊断槽位 aspect ['fin_growth.quarterly_yoy']（diagnostic_only+audit_only，不进正文判断）。,异常变动及原因,异常变动及原因,"以 single_judgment 形态独立研究，required_fields=['异常变动', '原因']，可独立核验/成缺口","覆盖规则 ['snapshot_authority', 'item_formula_identity', 'period', 'scope', 'currency_unit', 'required_input_completeness', 'calculation_provenance', 'comparability']（producer_kind=financial_workflow，集合锚点 无）",不保留 search_audit：普通正向事实或财务/派生/synth，不机械要求检索审计,证据 ['er_fin_growth']：evidence_kind=['calculation']，source_classes=['structured_db']，minimum_sources=[1],primary:fin-h5,主槽位落在 fin-h5（财务 H2 正文），与 producer_kind=financial_workflow 目标 Writer 章节一致
financial,fin_growth,fin_growth,增长趋势、异常变动、可能原因与杜邦分析；不可比季度同比进入诊断槽位,financial_workflow,fin_growth.dupont_analysis,financial_metric,杜邦分析,financial_workflow,杜邦分解,snapshot_authority | item_formula_identity | period | scope | currency_unit | required_input_completeness | calculation_provenance | comparability,,er_fin_growth,calculation,source_policy_v1,THREE_YEARS_PLUS_LATEST,required_body,paragraph_and_table,write_not_found,NONE,,key_financial,body,,,CONFIRMED,"CONFIRMED：由 v1 维度「杜邦分析」固化，以 financial_metric 形态独立研究，覆盖 ['snapshot_authority', 'item_formula_identity', 'period', 'scope', 'currency_unit', 'required_input_completeness', 'calculation_provenance', 'comparability']，证据 ['er_fin_growth']（['structured_db']），主槽位 fin-h5；可独立核验，无需额外业务裁决",,,增长趋势、异常变动、可能原因与杜邦分析,营收增长率 | 净利增长率 | 异常变动及原因 | 杜邦分析,display_refined,v1 required_aspects 保留，另新增诊断槽位 aspect ['fin_growth.quarterly_yoy']（diagnostic_only+audit_only，不进正文判断）。,杜邦分析,杜邦分析,以 financial_metric 形态独立研究，required_fields=['杜邦分解']，可独立核验/成缺口,"覆盖规则 ['snapshot_authority', 'item_formula_identity', 'period', 'scope', 'currency_unit', 'required_input_completeness', 'calculation_provenance', 'comparability']（producer_kind=financial_workflow，集合锚点 无）",不保留 search_audit：普通正向事实或财务/派生/synth，不机械要求检索审计,证据 ['er_fin_growth']：evidence_kind=['calculation']，source_classes=['structured_db']，minimum_sources=[1],primary:fin-h5,主槽位落在 fin-h5（财务 H2 正文），与 producer_kind=financial_workflow 目标 Writer 章节一致
financial,fin_growth,fin_growth,增长趋势、异常变动、可能原因与杜邦分析；不可比季度同比进入诊断槽位,financial_workflow,fin_growth.quarterly_yoy,financial_metric,不可比季度同比（进入诊断槽位）,financial_workflow,季度同比,snapshot_authority | item_formula_identity | period | scope | currency_unit | required_input_completeness | calculation_provenance | comparability,,er_fin_growth,calculation,source_policy_v1,THREE_YEARS_PLUS_LATEST,diagnostic_only,audit_only,write_not_found,NONE,,key_financial,body,,,CONFIRMED,"CONFIRMED：由 v1 维度「营收增长率、净利增长率、异常变动及原因、杜邦分析」固化，以 financial_metric 形态独立研究，覆盖 ['snapshot_authority', 'item_formula_identity', 'period', 'scope', 'currency_unit', 'required_input_completeness', 'calculation_provenance', 'comparability']，证据 ['er_fin_growth']（['structured_db']），主槽位 fin-h5；可独立核验，无需额外业务裁决",,,增长趋势、异常变动、可能原因与杜邦分析,营收增长率 | 净利增长率 | 异常变动及原因 | 杜邦分析,display_refined,v1 required_aspects 保留，另新增诊断槽位 aspect ['fin_growth.quarterly_yoy']（diagnostic_only+audit_only，不进正文判断）。,营收增长率 | 净利增长率 | 异常变动及原因 | 杜邦分析,不可比季度同比（进入诊断槽位）,以 financial_metric 形态独立研究，required_fields=['季度同比']，可独立核验/成缺口,"覆盖规则 ['snapshot_authority', 'item_formula_identity', 'period', 'scope', 'currency_unit', 'required_input_completeness', 'calculation_provenance', 'comparability']（producer_kind=financial_workflow，集合锚点 无）",不保留 search_audit：普通正向事实或财务/派生/synth，不机械要求检索审计,证据 ['er_fin_growth']：evidence_kind=['calculation']，source_classes=['structured_db']，minimum_sources=[1],primary:fin-h5,主槽位落在 fin-h5（财务 H2 正文），与 producer_kind=financial_workflow 目标 Writer 章节一致
financial,fin_asset_quality,fin_asset_quality,非主营损益、减值、受限资产、商誉、开发支出对利润和资产质量的影响,financial_workflow,fin_asset_quality.non_operating_impairment,financial_metric,非主营损益与减值,financial_workflow,非主营损益 | 减值,snapshot_authority | item_formula_identity | period | scope | currency_unit | required_input_completeness | calculation_provenance | comparability,,er_fin_asset_quality,calculation,source_policy_v1,THREE_YEARS_PLUS_LATEST,required_body,paragraph_and_table,write_not_found,NONE,,key_financial,body,,,CONFIRMED,"CONFIRMED：由 v1 维度「非主营损益与减值」固化，以 financial_metric 形态独立研究，覆盖 ['snapshot_authority', 'item_formula_identity', 'period', 'scope', 'currency_unit', 'required_input_completeness', 'calculation_provenance', 'comparability']，证据 ['er_fin_asset_quality']（['structured_db']），主槽位 fin-h2；可独立核验，无需额外业务裁决",,,非主营损益、减值、受限资产、商誉、开发支出对利润和资产质量的影响,非主营损益与减值 | 受限资产 | 商誉与开发支出,unchanged,v1 required_aspects 固化为稳定 aspect_id，无语义变更（不拆分）。,非主营损益与减值,非主营损益与减值,"以 financial_metric 形态独立研究，required_fields=['非主营损益', '减值']，可独立核验/成缺口","覆盖规则 ['snapshot_authority', 'item_formula_identity', 'period', 'scope', 'currency_unit', 'required_input_completeness', 'calculation_provenance', 'comparability']（producer_kind=financial_workflow，集合锚点 无）",不保留 search_audit：普通正向事实或财务/派生/synth，不机械要求检索审计,证据 ['er_fin_asset_quality']：evidence_kind=['calculation']，source_classes=['structured_db']，minimum_sources=[1],primary:fin-h2,主槽位落在 fin-h2（财务 H2 正文），与 producer_kind=financial_workflow 目标 Writer 章节一致
financial,fin_asset_quality,fin_asset_quality,非主营损益、减值、受限资产、商誉、开发支出对利润和资产质量的影响,financial_workflow,fin_asset_quality.restricted_assets,financial_metric,受限资产,financial_workflow,受限资产,snapshot_authority | item_formula_identity | period | scope | currency_unit | required_input_completeness | calculation_provenance | comparability,,er_fin_asset_quality,calculation,source_policy_v1,THREE_YEARS_PLUS_LATEST,required_body,paragraph,write_not_found,NONE,,key_financial,body,,,CONFIRMED,"CONFIRMED：由 v1 维度「受限资产」固化，以 financial_metric 形态独立研究，覆盖 ['snapshot_authority', 'item_formula_identity', 'period', 'scope', 'currency_unit', 'required_input_completeness', 'calculation_provenance', 'comparability']，证据 ['er_fin_asset_quality']（['structured_db']），主槽位 fin-h2；可独立核验，无需额外业务裁决",,,非主营损益、减值、受限资产、商誉、开发支出对利润和资产质量的影响,非主营损益与减值 | 受限资产 | 商誉与开发支出,unchanged,v1 required_aspects 固化为稳定 aspect_id，无语义变更（不拆分）。,受限资产,受限资产,以 financial_metric 形态独立研究，required_fields=['受限资产']，可独立核验/成缺口,"覆盖规则 ['snapshot_authority', 'item_formula_identity', 'period', 'scope', 'currency_unit', 'required_input_completeness', 'calculation_provenance', 'comparability']（producer_kind=financial_workflow，集合锚点 无）",不保留 search_audit：普通正向事实或财务/派生/synth，不机械要求检索审计,证据 ['er_fin_asset_quality']：evidence_kind=['calculation']，source_classes=['structured_db']，minimum_sources=[1],primary:fin-h2,主槽位落在 fin-h2（财务 H2 正文），与 producer_kind=financial_workflow 目标 Writer 章节一致
financial,fin_asset_quality,fin_asset_quality,非主营损益、减值、受限资产、商誉、开发支出对利润和资产质量的影响,financial_workflow,fin_asset_quality.goodwill_development_expenditure,financial_metric,商誉与开发支出,financial_workflow,商誉 | 开发支出,snapshot_authority | item_formula_identity | period | scope | currency_unit | required_input_completeness | calculation_provenance | comparability,,er_fin_asset_quality,calculation,source_policy_v1,THREE_YEARS_PLUS_LATEST,required_body,paragraph,write_not_found,NONE,,key_financial,body,,,CONFIRMED,"CONFIRMED：由 v1 维度「商誉与开发支出」固化，以 financial_metric 形态独立研究，覆盖 ['snapshot_authority', 'item_formula_identity', 'period', 'scope', 'currency_unit', 'required_input_completeness', 'calculation_provenance', 'comparability']，证据 ['er_fin_asset_quality']（['structured_db']），主槽位 fin-h2；可独立核验，无需额外业务裁决",,,非主营损益、减值、受限资产、商誉、开发支出对利润和资产质量的影响,非主营损益与减值 | 受限资产 | 商誉与开发支出,unchanged,v1 required_aspects 固化为稳定 aspect_id，无语义变更（不拆分）。,商誉与开发支出,商誉与开发支出,"以 financial_metric 形态独立研究，required_fields=['商誉', '开发支出']，可独立核验/成缺口","覆盖规则 ['snapshot_authority', 'item_formula_identity', 'period', 'scope', 'currency_unit', 'required_input_completeness', 'calculation_provenance', 'comparability']（producer_kind=financial_workflow，集合锚点 无）",不保留 search_audit：普通正向事实或财务/派生/synth，不机械要求检索审计,证据 ['er_fin_asset_quality']：evidence_kind=['calculation']，source_classes=['structured_db']，minimum_sources=[1],primary:fin-h2,主槽位落在 fin-h2（财务 H2 正文），与 producer_kind=financial_workflow 目标 Writer 章节一致
financial,fin_risk_summary,fin_risk_summary,财务风险结论及其对当前授信方案的影响（由本章 verified facts/claims/gaps/conflicts 派生）,phase4_section_derived,fin_risk_summary.financial_risk_conclusion,derived_summary,财务风险结论,phase4_section_derived,财务风险结论,upstream_aspect_coverage | pack_claim_identity | dependency_lineage | conflict_propagation,,er_fin_risk_summary,claim,source_policy_v1,THREE_YEARS_PLUS_LATEST,required_body,paragraph,write_not_found,NONE,,solvency | credit_scheme,derived_summary,,"{""exclude_display_tiers"": [""diagnostic_only""], ""exclude_producer_kinds"": [""phase4_section_derived""], ""exclude_terminal_states"": [""NOT_APPLICABLE"", ""UNRESOLVED"", ""BLOCKED"", ""UNSUPPORTED""], ""include_sections"": [""financial""]}",CONFIRMED,"CONFIRMED：由 v1 维度「财务风险结论」固化，以 derived_summary 形态独立研究，覆盖 ['upstream_aspect_coverage', 'pack_claim_identity', 'dependency_lineage', 'conflict_propagation']，证据 ['er_fin_risk_summary']（['structured_db']），主槽位 fin-h5；可独立核验，无需额外业务裁决",,,财务风险结论及其对当前授信方案的影响,财务风险结论 | 对授信方案的影响,producer_routed,执行归属由 v1 的 harness/workflow 改为 phase4_section_derived：该问 2 个 aspect 由章节派生/Phase5 合成承载，不入 Topic Harness。,财务风险结论,财务风险结论,以 derived_summary 形态独立研究，required_fields=['财务风险结论']，可独立核验/成缺口,"覆盖规则 ['upstream_aspect_coverage', 'pack_claim_identity', 'dependency_lineage', 'conflict_propagation']（producer_kind=phase4_section_derived，集合锚点 无）",不保留 search_audit：普通正向事实或财务/派生/synth，不机械要求检索审计,证据 ['er_fin_risk_summary']：evidence_kind=['claim']，source_classes=['structured_db']，minimum_sources=[1],primary:fin-h5,主槽位落在 fin-h5（财务 H2 正文），与 producer_kind=phase4_section_derived 目标 Writer 章节一致
financial,fin_risk_summary,fin_risk_summary,财务风险结论及其对当前授信方案的影响（由本章 verified facts/claims/gaps/conflicts 派生）,phase4_section_derived,fin_risk_summary.credit_scheme_impact,derived_summary,对授信方案的影响,phase4_section_derived,对授信方案的影响,upstream_aspect_coverage | pack_claim_identity | dependency_lineage | conflict_propagation,,er_fin_risk_summary,claim,source_policy_v1,THREE_YEARS_PLUS_LATEST,required_body,paragraph,write_not_found,NONE,,credit_scheme,derived_summary,,"{""exclude_display_tiers"": [""diagnostic_only""], ""exclude_producer_kinds"": [""phase4_section_derived""], ""exclude_terminal_states"": [""NOT_APPLICABLE"", ""UNRESOLVED"", ""BLOCKED"", ""UNSUPPORTED""], ""include_sections"": [""financial""]}",CONFIRMED,"CONFIRMED：由 v1 维度「对授信方案的影响」固化，以 derived_summary 形态独立研究，覆盖 ['upstream_aspect_coverage', 'pack_claim_identity', 'dependency_lineage', 'conflict_propagation']，证据 ['er_fin_risk_summary']（['structured_db']），主槽位 fin-h5；可独立核验，无需额外业务裁决",,,财务风险结论及其对当前授信方案的影响,财务风险结论 | 对授信方案的影响,producer_routed,执行归属由 v1 的 harness/workflow 改为 phase4_section_derived：该问 2 个 aspect 由章节派生/Phase5 合成承载，不入 Topic Harness。,对授信方案的影响,对授信方案的影响,以 derived_summary 形态独立研究，required_fields=['对授信方案的影响']，可独立核验/成缺口,"覆盖规则 ['upstream_aspect_coverage', 'pack_claim_identity', 'dependency_lineage', 'conflict_propagation']（producer_kind=phase4_section_derived，集合锚点 无）",不保留 search_audit：普通正向事实或财务/派生/synth，不机械要求检索审计,证据 ['er_fin_risk_summary']：evidence_kind=['claim']，source_classes=['structured_db']，minimum_sources=[1],primary:fin-h5,主槽位落在 fin-h5（财务 H2 正文），与 producer_kind=phase4_section_derived 目标 Writer 章节一致
financial,fin_working_capital_needs,fin_working_capital_needs,流动资金需求测算（收入增长预测、营运资金周转、存货/应收/预付/预收/应付）,financial_workflow,fin_working_capital_needs.revenue_growth_forecast,financial_metric,收入增长预测,financial_workflow,收入增长预测,snapshot_authority | item_formula_identity | period | scope | currency_unit | required_input_completeness | calculation_provenance | comparability,,er_fin_working_capital,calculation,source_policy_v1,THREE_YEARS_PLUS_LATEST,required_body,paragraph,write_not_found,NONE,,key_financial,body,,,CONFIRMED,"CONFIRMED：由 v1 维度「收入增长预测」固化，以 financial_metric 形态独立研究，覆盖 ['snapshot_authority', 'item_formula_identity', 'period', 'scope', 'currency_unit', 'required_input_completeness', 'calculation_provenance', 'comparability']，证据 ['er_fin_working_capital']（['structured_db']），主槽位 fin-h5；可独立核验，无需额外业务裁决",,,流动资金需求测算（收入增长预测、营运资金周转、存货/应收/预付/预收/应付）,收入增长预测 | 营运资金周转 | 存货应收预付预收应付,unchanged,v1 required_aspects 固化为稳定 aspect_id，无语义变更（不拆分）。,收入增长预测,收入增长预测,以 financial_metric 形态独立研究，required_fields=['收入增长预测']，可独立核验/成缺口,"覆盖规则 ['snapshot_authority', 'item_formula_identity', 'period', 'scope', 'currency_unit', 'required_input_completeness', 'calculation_provenance', 'comparability']（producer_kind=financial_workflow，集合锚点 无）",不保留 search_audit：普通正向事实或财务/派生/synth，不机械要求检索审计,证据 ['er_fin_working_capital']：evidence_kind=['calculation']，source_classes=['structured_db']，minimum_sources=[1],primary:fin-h5,主槽位落在 fin-h5（财务 H2 正文），与 producer_kind=financial_workflow 目标 Writer 章节一致
financial,fin_working_capital_needs,fin_working_capital_needs,流动资金需求测算（收入增长预测、营运资金周转、存货/应收/预付/预收/应付）,financial_workflow,fin_working_capital_needs.working_capital_turnover,financial_metric,营运资金周转,financial_workflow,营运资金周转,snapshot_authority | item_formula_identity | period | scope | currency_unit | required_input_completeness | calculation_provenance | comparability,,er_fin_working_capital,calculation,source_policy_v1,THREE_YEARS_PLUS_LATEST,required_body,paragraph,write_not_found,NONE,,key_financial,body,,,CONFIRMED,"CONFIRMED：由 v1 维度「营运资金周转」固化，以 financial_metric 形态独立研究，覆盖 ['snapshot_authority', 'item_formula_identity', 'period', 'scope', 'currency_unit', 'required_input_completeness', 'calculation_provenance', 'comparability']，证据 ['er_fin_working_capital']（['structured_db']），主槽位 fin-h5；可独立核验，无需额外业务裁决",,,流动资金需求测算（收入增长预测、营运资金周转、存货/应收/预付/预收/应付）,收入增长预测 | 营运资金周转 | 存货应收预付预收应付,unchanged,v1 required_aspects 固化为稳定 aspect_id，无语义变更（不拆分）。,营运资金周转,营运资金周转,以 financial_metric 形态独立研究，required_fields=['营运资金周转']，可独立核验/成缺口,"覆盖规则 ['snapshot_authority', 'item_formula_identity', 'period', 'scope', 'currency_unit', 'required_input_completeness', 'calculation_provenance', 'comparability']（producer_kind=financial_workflow，集合锚点 无）",不保留 search_audit：普通正向事实或财务/派生/synth，不机械要求检索审计,证据 ['er_fin_working_capital']：evidence_kind=['calculation']，source_classes=['structured_db']，minimum_sources=[1],primary:fin-h5,主槽位落在 fin-h5（财务 H2 正文），与 producer_kind=financial_workflow 目标 Writer 章节一致
financial,fin_working_capital_needs,fin_working_capital_needs,流动资金需求测算（收入增长预测、营运资金周转、存货/应收/预付/预收/应付）,financial_workflow,fin_working_capital_needs.inventory_receivable_prepay_items,financial_metric,存货、应收、预付、预收、应付,financial_workflow,存货 | 应收 | 预付 | 预收 | 应付,snapshot_authority | item_formula_identity | period | scope | currency_unit | required_input_completeness | calculation_provenance | comparability,,er_fin_working_capital,calculation,source_policy_v1,THREE_YEARS_PLUS_LATEST,required_body,paragraph_and_table,write_not_found,NONE,,key_financial,body,,,CONFIRMED,"CONFIRMED：由 v1 维度「存货应收预付预收应付」固化，以 financial_metric 形态独立研究，覆盖 ['snapshot_authority', 'item_formula_identity', 'period', 'scope', 'currency_unit', 'required_input_completeness', 'calculation_provenance', 'comparability']，证据 ['er_fin_working_capital']（['structured_db']），主槽位 fin-h5；可独立核验，无需额外业务裁决",,,流动资金需求测算（收入增长预测、营运资金周转、存货/应收/预付/预收/应付）,收入增长预测 | 营运资金周转 | 存货应收预付预收应付,unchanged,v1 required_aspects 固化为稳定 aspect_id，无语义变更（不拆分）。,存货应收预付预收应付,存货、应收、预付、预收、应付,"以 financial_metric 形态独立研究，required_fields=['存货', '应收', '预付', '预收', '应付']，可独立核验/成缺口","覆盖规则 ['snapshot_authority', 'item_formula_identity', 'period', 'scope', 'currency_unit', 'required_input_completeness', 'calculation_provenance', 'comparability']（producer_kind=financial_workflow，集合锚点 无）",不保留 search_audit：普通正向事实或财务/派生/synth，不机械要求检索审计,证据 ['er_fin_working_capital']：evidence_kind=['calculation']，source_classes=['structured_db']，minimum_sources=[1],primary:fin-h5,主槽位落在 fin-h5（财务 H2 正文），与 producer_kind=financial_workflow 目标 Writer 章节一致
financial,fin_trade_finance_focus,fin_trade_finance_focus,贸易融资按业务类型选择关键科目（如应收账款、存货、预付）重点分析,financial_workflow,fin_trade_finance_focus.key_account_selection,financial_metric,关键科目选择,financial_workflow,关键科目选择,snapshot_authority | item_formula_identity | period | scope | currency_unit | required_input_completeness | calculation_provenance | comparability,,er_fin_trade_finance,calculation,source_policy_v1,THREE_YEARS_PLUS_LATEST,required_body,paragraph,write_not_found,NONE,,key_financial,body,,,CONFIRMED,"CONFIRMED：由 v1 维度「关键科目选择」固化，以 financial_metric 形态独立研究，覆盖 ['snapshot_authority', 'item_formula_identity', 'period', 'scope', 'currency_unit', 'required_input_completeness', 'calculation_provenance', 'comparability']，证据 ['er_fin_trade_finance']（['structured_db']），主槽位 fin-h5；可独立核验，无需额外业务裁决",,,贸易融资按业务类型选择关键科目（如应收账款、存货、预付）重点分析,关键科目选择 | 应收账款存货预付重点分析,unchanged,v1 required_aspects 固化为稳定 aspect_id，无语义变更（不拆分）。,关键科目选择,关键科目选择,以 financial_metric 形态独立研究，required_fields=['关键科目选择']，可独立核验/成缺口,"覆盖规则 ['snapshot_authority', 'item_formula_identity', 'period', 'scope', 'currency_unit', 'required_input_completeness', 'calculation_provenance', 'comparability']（producer_kind=financial_workflow，集合锚点 无）",不保留 search_audit：普通正向事实或财务/派生/synth，不机械要求检索审计,证据 ['er_fin_trade_finance']：evidence_kind=['calculation']，source_classes=['structured_db']，minimum_sources=[1],primary:fin-h5,主槽位落在 fin-h5（财务 H2 正文），与 producer_kind=financial_workflow 目标 Writer 章节一致
financial,fin_trade_finance_focus,fin_trade_finance_focus,贸易融资按业务类型选择关键科目（如应收账款、存货、预付）重点分析,financial_workflow,fin_trade_finance_focus.receivable_inventory_prepay_analysis,financial_metric,应收账款、存货、预付重点分析,financial_workflow,应收账款 | 存货 | 预付,snapshot_authority | item_formula_identity | period | scope | currency_unit | required_input_completeness | calculation_provenance | comparability,,er_fin_trade_finance,calculation,source_policy_v1,THREE_YEARS_PLUS_LATEST,required_body,paragraph_and_table,write_not_found,NONE,,key_financial,body,,,CONFIRMED,"CONFIRMED：由 v1 维度「应收账款存货预付重点分析」固化，以 financial_metric 形态独立研究，覆盖 ['snapshot_authority', 'item_formula_identity', 'period', 'scope', 'currency_unit', 'required_input_completeness', 'calculation_provenance', 'comparability']，证据 ['er_fin_trade_finance']（['structured_db']），主槽位 fin-h5；可独立核验，无需额外业务裁决",,,贸易融资按业务类型选择关键科目（如应收账款、存货、预付）重点分析,关键科目选择 | 应收账款存货预付重点分析,unchanged,v1 required_aspects 固化为稳定 aspect_id，无语义变更（不拆分）。,应收账款存货预付重点分析,应收账款、存货、预付重点分析,"以 financial_metric 形态独立研究，required_fields=['应收账款', '存货', '预付']，可独立核验/成缺口","覆盖规则 ['snapshot_authority', 'item_formula_identity', 'period', 'scope', 'currency_unit', 'required_input_completeness', 'calculation_provenance', 'comparability']（producer_kind=financial_workflow，集合锚点 无）",不保留 search_audit：普通正向事实或财务/派生/synth，不机械要求检索审计,证据 ['er_fin_trade_finance']：evidence_kind=['calculation']，source_classes=['structured_db']，minimum_sources=[1],primary:fin-h5,主槽位落在 fin-h5（财务 H2 正文），与 producer_kind=financial_workflow 目标 Writer 章节一致
financial,fin_capital_capacity,fin_capital_capacity,固定资产/项目贷款：第一阶段仅从公司财务角度评价资本实力与现有项目现金流,financial_workflow,fin_capital_capacity.capital_strength,financial_metric,资本实力,financial_workflow,资本实力,snapshot_authority | item_formula_identity | period | scope | currency_unit | required_input_completeness | calculation_provenance | comparability,,er_fin_capital_capacity,calculation,source_policy_v1,THREE_YEARS_PLUS_LATEST,required_body,paragraph,write_not_found,NONE,,solvency | key_financial,body,,,CONFIRMED,"CONFIRMED：由 v1 维度「资本实力」固化，以 financial_metric 形态独立研究，覆盖 ['snapshot_authority', 'item_formula_identity', 'period', 'scope', 'currency_unit', 'required_input_completeness', 'calculation_provenance', 'comparability']，证据 ['er_fin_capital_capacity']（['structured_db']），主槽位 fin-h5；可独立核验，无需额外业务裁决",,,固定资产/项目贷款：第一阶段仅从公司财务角度评价资本实力与现有项目现金流,资本实力 | 现有项目现金流,unchanged,v1 required_aspects 固化为稳定 aspect_id，无语义变更（不拆分）。,资本实力,资本实力,以 financial_metric 形态独立研究，required_fields=['资本实力']，可独立核验/成缺口,"覆盖规则 ['snapshot_authority', 'item_formula_identity', 'period', 'scope', 'currency_unit', 'required_input_completeness', 'calculation_provenance', 'comparability']（producer_kind=financial_workflow，集合锚点 无）",不保留 search_audit：普通正向事实或财务/派生/synth，不机械要求检索审计,证据 ['er_fin_capital_capacity']：evidence_kind=['calculation']，source_classes=['structured_db']，minimum_sources=[1],primary:fin-h5,主槽位落在 fin-h5（财务 H2 正文），与 producer_kind=financial_workflow 目标 Writer 章节一致
financial,fin_capital_capacity,fin_capital_capacity,固定资产/项目贷款：第一阶段仅从公司财务角度评价资本实力与现有项目现金流,financial_workflow,fin_capital_capacity.existing_project_cashflow,financial_metric,现有项目现金流,financial_workflow,现有项目现金流,snapshot_authority | item_formula_identity | period | scope | currency_unit | required_input_completeness | calculation_provenance | comparability,,er_fin_capital_capacity,calculation,source_policy_v1,THREE_YEARS_PLUS_LATEST,required_body,paragraph,write_not_found,NONE,,solvency | key_financial,body,,,CONFIRMED,"CONFIRMED：由 v1 维度「现有项目现金流」固化，以 financial_metric 形态独立研究，覆盖 ['snapshot_authority', 'item_formula_identity', 'period', 'scope', 'currency_unit', 'required_input_completeness', 'calculation_provenance', 'comparability']，证据 ['er_fin_capital_capacity']（['structured_db']），主槽位 fin-h5；可独立核验，无需额外业务裁决",,,固定资产/项目贷款：第一阶段仅从公司财务角度评价资本实力与现有项目现金流,资本实力 | 现有项目现金流,unchanged,v1 required_aspects 固化为稳定 aspect_id，无语义变更（不拆分）。,现有项目现金流,现有项目现金流,以 financial_metric 形态独立研究，required_fields=['现有项目现金流']，可独立核验/成缺口,"覆盖规则 ['snapshot_authority', 'item_formula_identity', 'period', 'scope', 'currency_unit', 'required_input_completeness', 'calculation_provenance', 'comparability']（producer_kind=financial_workflow，集合锚点 无）",不保留 search_audit：普通正向事实或财务/派生/synth，不机械要求检索审计,证据 ['er_fin_capital_capacity']：evidence_kind=['calculation']，source_classes=['structured_db']，minimum_sources=[1],primary:fin-h5,主槽位落在 fin-h5（财务 H2 正文），与 producer_kind=financial_workflow 目标 Writer 章节一致
industry,industry_definition,industry_definition,行业定义、边界与公司所属细分领域,topic_harness,industry_definition.industry_scope_boundary,fact_set,行业定义与边界,topic_harness,行业定义 | 行业边界,required_fields_complete | minimum_sources | direct_support | search_audit,,er_ind_definition,web,source_policy_v1,STRUCTURAL_5Y_CURRENT,required_body,paragraph,write_not_found,NONE,,,body,,,CONFIRMED,"CONFIRMED：由 v1 维度「行业定义与边界」固化，以 fact_set 形态独立研究，覆盖 ['required_fields_complete', 'minimum_sources', 'direct_support', 'search_audit']，证据 ['er_ind_definition']（['company_industry', 'external']），主槽位 ind-h1；可独立核验，无需额外业务裁决",,,行业定义、边界与公司所属细分领域,行业定义与边界 | 公司所属细分领域,unchanged,v1 required_aspects 固化为稳定 aspect_id，无语义变更（不拆分）。,行业定义与边界,行业定义与边界,"以 fact_set 形态独立研究，required_fields=['行业定义', '行业边界']，可独立核验/成缺口","覆盖规则 ['required_fields_complete', 'minimum_sources', 'direct_support', 'search_audit']（producer_kind=topic_harness，集合锚点 无）",保留 search_audit：负面核验/not_found/集合完整性/外部时效需记录检索范围与截止日期,"证据 ['er_ind_definition']：evidence_kind=['web']，source_classes=['company_industry', 'external']，minimum_sources=[1]",primary:ind-h1,主槽位落在 ind-h1（行业 H2 正文），与 producer_kind=topic_harness 目标 Writer 章节一致
industry,industry_definition,industry_definition,行业定义、边界与公司所属细分领域,topic_harness,industry_definition.company_subsegment,fact_set,公司所属细分领域,topic_harness,公司所属细分领域,required_fields_complete | minimum_sources | direct_support | search_audit,,er_ind_definition,web,source_policy_v1,STRUCTURAL_5Y_CURRENT,required_body,paragraph,write_not_found,NONE,,,body,,,CONFIRMED,"CONFIRMED：由 v1 维度「公司所属细分领域」固化，以 fact_set 形态独立研究，覆盖 ['required_fields_complete', 'minimum_sources', 'direct_support', 'search_audit']，证据 ['er_ind_definition']（['company_industry', 'external']），主槽位 ind-h1；可独立核验，无需额外业务裁决",,,行业定义、边界与公司所属细分领域,行业定义与边界 | 公司所属细分领域,unchanged,v1 required_aspects 固化为稳定 aspect_id，无语义变更（不拆分）。,公司所属细分领域,公司所属细分领域,以 fact_set 形态独立研究，required_fields=['公司所属细分领域']，可独立核验/成缺口,"覆盖规则 ['required_fields_complete', 'minimum_sources', 'direct_support', 'search_audit']（producer_kind=topic_harness，集合锚点 无）",保留 search_audit：负面核验/not_found/集合完整性/外部时效需记录检索范围与截止日期,"证据 ['er_ind_definition']：evidence_kind=['web']，source_classes=['company_industry', 'external']，minimum_sources=[1]",primary:ind-h1,主槽位落在 ind-h1（行业 H2 正文），与 producer_kind=topic_harness 目标 Writer 章节一致
industry,industry_scale_cycle,industry_scale_cycle,行业规模、增速与当前周期位置（缺单一数字不阻断，可用代理指标）,topic_harness,industry_scale_cycle.industry_scale,fact_set,行业规模（缺单一数字可用代理指标，不阻断）,topic_harness,行业规模或代理指标,required_fields_complete | minimum_sources | direct_support | search_audit,,er_ind_scale,web,source_policy_v1,STRUCTURAL_5Y_CURRENT,required_body,paragraph_and_table,write_not_found,NONE,,,body,,,CONFIRMED,"CONFIRMED：由 v1 维度「行业规模」固化，以 fact_set 形态独立研究，覆盖 ['required_fields_complete', 'minimum_sources', 'direct_support', 'search_audit']，证据 ['er_ind_scale']（['external']），主槽位 ind-h2；可独立核验，无需额外业务裁决",,,行业规模、增速与当前周期位置（缺单一数字不阻断，可用代理指标）,行业规模 | 增速 | 当前周期位置 | 数据截止日期与统计口径,unchanged,v1 required_aspects 固化为稳定 aspect_id，无语义变更（不拆分）。,行业规模,行业规模（缺单一数字可用代理指标，不阻断）,以 fact_set 形态独立研究，required_fields=['行业规模或代理指标']，可独立核验/成缺口,"覆盖规则 ['required_fields_complete', 'minimum_sources', 'direct_support', 'search_audit']（producer_kind=topic_harness，集合锚点 无）",保留 search_audit：负面核验/not_found/集合完整性/外部时效需记录检索范围与截止日期,证据 ['er_ind_scale']：evidence_kind=['web']，source_classes=['external']，minimum_sources=[1],primary:ind-h2,主槽位落在 ind-h2（行业 H2 正文），与 producer_kind=topic_harness 目标 Writer 章节一致
industry,industry_scale_cycle,industry_scale_cycle,行业规模、增速与当前周期位置（缺单一数字不阻断，可用代理指标）,topic_harness,industry_scale_cycle.growth_rate,fact_set,增速,topic_harness,增速,required_fields_complete | minimum_sources | direct_support | search_audit,,er_ind_scale,web,source_policy_v1,STRUCTURAL_5Y_CURRENT,required_body,paragraph_and_table,write_not_found,NONE,,,body,,,CONFIRMED,"CONFIRMED：由 v1 维度「增速」固化，以 fact_set 形态独立研究，覆盖 ['required_fields_complete', 'minimum_sources', 'direct_support', 'search_audit']，证据 ['er_ind_scale']（['external']），主槽位 ind-h2；可独立核验，无需额外业务裁决",,,行业规模、增速与当前周期位置（缺单一数字不阻断，可用代理指标）,行业规模 | 增速 | 当前周期位置 | 数据截止日期与统计口径,unchanged,v1 required_aspects 固化为稳定 aspect_id，无语义变更（不拆分）。,增速,增速,以 fact_set 形态独立研究，required_fields=['增速']，可独立核验/成缺口,"覆盖规则 ['required_fields_complete', 'minimum_sources', 'direct_support', 'search_audit']（producer_kind=topic_harness，集合锚点 无）",保留 search_audit：负面核验/not_found/集合完整性/外部时效需记录检索范围与截止日期,证据 ['er_ind_scale']：evidence_kind=['web']，source_classes=['external']，minimum_sources=[1],primary:ind-h2,主槽位落在 ind-h2（行业 H2 正文），与 producer_kind=topic_harness 目标 Writer 章节一致
industry,industry_scale_cycle,industry_scale_cycle,行业规模、增速与当前周期位置（缺单一数字不阻断，可用代理指标）,topic_harness,industry_scale_cycle.cycle_position,single_judgment,当前周期位置,topic_harness,当前周期位置,required_fields_complete | minimum_sources | direct_support | search_audit,,er_ind_scale,web,source_policy_v1,STRUCTURAL_5Y_CURRENT,required_body,paragraph,write_not_found,NONE,,,body,,,CONFIRMED,"CONFIRMED：由 v1 维度「当前周期位置」固化，以 single_judgment 形态独立研究，覆盖 ['required_fields_complete', 'minimum_sources', 'direct_support', 'search_audit']，证据 ['er_ind_scale']（['external']），主槽位 ind-h2；可独立核验，无需额外业务裁决",,,行业规模、增速与当前周期位置（缺单一数字不阻断，可用代理指标）,行业规模 | 增速 | 当前周期位置 | 数据截止日期与统计口径,unchanged,v1 required_aspects 固化为稳定 aspect_id，无语义变更（不拆分）。,当前周期位置,当前周期位置,以 single_judgment 形态独立研究，required_fields=['当前周期位置']，可独立核验/成缺口,"覆盖规则 ['required_fields_complete', 'minimum_sources', 'direct_support', 'search_audit']（producer_kind=topic_harness，集合锚点 无）",保留 search_audit：负面核验/not_found/集合完整性/外部时效需记录检索范围与截止日期,证据 ['er_ind_scale']：evidence_kind=['web']，source_classes=['external']，minimum_sources=[1],primary:ind-h2,主槽位落在 ind-h2（行业 H2 正文），与 producer_kind=topic_harness 目标 Writer 章节一致
industry,industry_scale_cycle,industry_scale_cycle,行业规模、增速与当前周期位置（缺单一数字不阻断，可用代理指标）,topic_harness,industry_scale_cycle.data_cutoff_caliber,fact_set,数据截止日期与统计口径,topic_harness,数据截止日期 | 统计口径,required_fields_complete | minimum_sources | direct_support | search_audit,,er_ind_scale,web,source_policy_v1,STRUCTURAL_5Y_CURRENT,required_body,paragraph,write_not_found,NONE,,,body,,,CONFIRMED,"CONFIRMED：由 v1 维度「数据截止日期与统计口径」固化，以 fact_set 形态独立研究，覆盖 ['required_fields_complete', 'minimum_sources', 'direct_support', 'search_audit']，证据 ['er_ind_scale']（['external']），主槽位 ind-h2；可独立核验，无需额外业务裁决",,,行业规模、增速与当前周期位置（缺单一数字不阻断，可用代理指标）,行业规模 | 增速 | 当前周期位置 | 数据截止日期与统计口径,unchanged,v1 required_aspects 固化为稳定 aspect_id，无语义变更（不拆分）。,数据截止日期与统计口径,数据截止日期与统计口径,"以 fact_set 形态独立研究，required_fields=['数据截止日期', '统计口径']，可独立核验/成缺口","覆盖规则 ['required_fields_complete', 'minimum_sources', 'direct_support', 'search_audit']（producer_kind=topic_harness，集合锚点 无）",保留 search_audit：负面核验/not_found/集合完整性/外部时效需记录检索范围与截止日期,证据 ['er_ind_scale']：evidence_kind=['web']，source_classes=['external']，minimum_sources=[1],primary:ind-h2,主槽位落在 ind-h2（行业 H2 正文），与 producer_kind=topic_harness 目标 Writer 章节一致
industry,industry_supply_demand,industry_supply_demand,行业供给、行业需求、价格变化、成本驱动因素及对经营的影响,topic_harness,industry_supply_demand.supply,fact_set,行业供给,topic_harness,行业供给,required_fields_complete | minimum_sources | direct_support | search_audit,,er_ind_supply_demand,web,source_policy_v1,STRUCTURAL_5Y_CURRENT,required_body,paragraph,write_not_found,NONE,,,body,,,CONFIRMED,"CONFIRMED：由 v1 维度「供需关系」固化，以 fact_set 形态独立研究，覆盖 ['required_fields_complete', 'minimum_sources', 'direct_support', 'search_audit']，证据 ['er_ind_supply_demand']（['external']），主槽位 ind-h3；可独立核验，无需额外业务裁决",,,供需关系、价格与成本驱动因素及对经营的影响,供需关系 | 价格与成本驱动 | 对经营的影响,split,v1 的 3 个 required_aspects 拆为 5 个独立 required_body aspect（供需关系→2、价格与成本驱动→2、对经营的影响→1），各自可独立研究/核验/成缺口。,供需关系,行业供给,以 fact_set 形态独立研究，required_fields=['行业供给']，可独立核验/成缺口,"覆盖规则 ['required_fields_complete', 'minimum_sources', 'direct_support', 'search_audit']（producer_kind=topic_harness，集合锚点 无）",保留 search_audit：负面核验/not_found/集合完整性/外部时效需记录检索范围与截止日期,证据 ['er_ind_supply_demand']：evidence_kind=['web']，source_classes=['external']，minimum_sources=[1],primary:ind-h3,主槽位落在 ind-h3（行业 H2 正文），与 producer_kind=topic_harness 目标 Writer 章节一致
industry,industry_supply_demand,industry_supply_demand,行业供给、行业需求、价格变化、成本驱动因素及对经营的影响,topic_harness,industry_supply_demand.demand,fact_set,行业需求,topic_harness,行业需求,required_fields_complete | minimum_sources | direct_support | search_audit,,er_ind_supply_demand,web,source_policy_v1,STRUCTURAL_5Y_CURRENT,required_body,paragraph,write_not_found,NONE,,,body,,,CONFIRMED,"CONFIRMED：由 v1 维度「供需关系」固化，以 fact_set 形态独立研究，覆盖 ['required_fields_complete', 'minimum_sources', 'direct_support', 'search_audit']，证据 ['er_ind_supply_demand']（['external']），主槽位 ind-h3；可独立核验，无需额外业务裁决",,,供需关系、价格与成本驱动因素及对经营的影响,供需关系 | 价格与成本驱动 | 对经营的影响,split,v1 的 3 个 required_aspects 拆为 5 个独立 required_body aspect（供需关系→2、价格与成本驱动→2、对经营的影响→1），各自可独立研究/核验/成缺口。,供需关系,行业需求,以 fact_set 形态独立研究，required_fields=['行业需求']，可独立核验/成缺口,"覆盖规则 ['required_fields_complete', 'minimum_sources', 'direct_support', 'search_audit']（producer_kind=topic_harness，集合锚点 无）",保留 search_audit：负面核验/not_found/集合完整性/外部时效需记录检索范围与截止日期,证据 ['er_ind_supply_demand']：evidence_kind=['web']，source_classes=['external']，minimum_sources=[1],primary:ind-h3,主槽位落在 ind-h3（行业 H2 正文），与 producer_kind=topic_harness 目标 Writer 章节一致
industry,industry_supply_demand,industry_supply_demand,行业供给、行业需求、价格变化、成本驱动因素及对经营的影响,topic_harness,industry_supply_demand.price_change,fact_set,价格变化,topic_harness,价格变化,required_fields_complete | minimum_sources | direct_support | search_audit,,er_ind_supply_demand,web,source_policy_v1,STRUCTURAL_5Y_CURRENT,required_body,paragraph,write_not_found,NONE,,,body,,,CONFIRMED,"CONFIRMED：由 v1 维度「价格与成本驱动」固化，以 fact_set 形态独立研究，覆盖 ['required_fields_complete', 'minimum_sources', 'direct_support', 'search_audit']，证据 ['er_ind_supply_demand']（['external']），主槽位 ind-h3；可独立核验，无需额外业务裁决",,,供需关系、价格与成本驱动因素及对经营的影响,供需关系 | 价格与成本驱动 | 对经营的影响,split,v1 的 3 个 required_aspects 拆为 5 个独立 required_body aspect（供需关系→2、价格与成本驱动→2、对经营的影响→1），各自可独立研究/核验/成缺口。,价格与成本驱动,价格变化,以 fact_set 形态独立研究，required_fields=['价格变化']，可独立核验/成缺口,"覆盖规则 ['required_fields_complete', 'minimum_sources', 'direct_support', 'search_audit']（producer_kind=topic_harness，集合锚点 无）",保留 search_audit：负面核验/not_found/集合完整性/外部时效需记录检索范围与截止日期,证据 ['er_ind_supply_demand']：evidence_kind=['web']，source_classes=['external']，minimum_sources=[1],primary:ind-h3,主槽位落在 ind-h3（行业 H2 正文），与 producer_kind=topic_harness 目标 Writer 章节一致
industry,industry_supply_demand,industry_supply_demand,行业供给、行业需求、价格变化、成本驱动因素及对经营的影响,topic_harness,industry_supply_demand.cost_driver,fact_set,成本驱动,topic_harness,成本驱动,required_fields_complete | minimum_sources | direct_support | search_audit,,er_ind_supply_demand,web,source_policy_v1,STRUCTURAL_5Y_CURRENT,required_body,paragraph,write_not_found,NONE,,,body,,,CONFIRMED,"CONFIRMED：由 v1 维度「价格与成本驱动」固化，以 fact_set 形态独立研究，覆盖 ['required_fields_complete', 'minimum_sources', 'direct_support', 'search_audit']，证据 ['er_ind_supply_demand']（['external']），主槽位 ind-h3；可独立核验，无需额外业务裁决",,,供需关系、价格与成本驱动因素及对经营的影响,供需关系 | 价格与成本驱动 | 对经营的影响,split,v1 的 3 个 required_aspects 拆为 5 个独立 required_body aspect（供需关系→2、价格与成本驱动→2、对经营的影响→1），各自可独立研究/核验/成缺口。,价格与成本驱动,成本驱动,以 fact_set 形态独立研究，required_fields=['成本驱动']，可独立核验/成缺口,"覆盖规则 ['required_fields_complete', 'minimum_sources', 'direct_support', 'search_audit']（producer_kind=topic_harness，集合锚点 无）",保留 search_audit：负面核验/not_found/集合完整性/外部时效需记录检索范围与截止日期,证据 ['er_ind_supply_demand']：evidence_kind=['web']，source_classes=['external']，minimum_sources=[1],primary:ind-h3,主槽位落在 ind-h3（行业 H2 正文），与 producer_kind=topic_harness 目标 Writer 章节一致
industry,industry_supply_demand,industry_supply_demand,行业供给、行业需求、价格变化、成本驱动因素及对经营的影响,topic_harness,industry_supply_demand.operating_impact,single_judgment,对经营的影响,topic_harness,对经营的影响,required_fields_complete | minimum_sources | direct_support | search_audit,,er_ind_supply_demand,web,source_policy_v1,STRUCTURAL_5Y_CURRENT,required_body,paragraph,write_not_found,NONE,,,body,,,CONFIRMED,"CONFIRMED：由 v1 维度「对经营的影响」固化，以 single_judgment 形态独立研究，覆盖 ['required_fields_complete', 'minimum_sources', 'direct_support', 'search_audit']，证据 ['er_ind_supply_demand']（['external']），主槽位 ind-h3；可独立核验，无需额外业务裁决",,,供需关系、价格与成本驱动因素及对经营的影响,供需关系 | 价格与成本驱动 | 对经营的影响,split,v1 的 3 个 required_aspects 拆为 5 个独立 required_body aspect（供需关系→2、价格与成本驱动→2、对经营的影响→1），各自可独立研究/核验/成缺口。,对经营的影响,对经营的影响,以 single_judgment 形态独立研究，required_fields=['对经营的影响']，可独立核验/成缺口,"覆盖规则 ['required_fields_complete', 'minimum_sources', 'direct_support', 'search_audit']（producer_kind=topic_harness，集合锚点 无）",保留 search_audit：负面核验/not_found/集合完整性/外部时效需记录检索范围与截止日期,证据 ['er_ind_supply_demand']：evidence_kind=['web']，source_classes=['external']，minimum_sources=[1],primary:ind-h3,主槽位落在 ind-h3（行业 H2 正文），与 producer_kind=topic_harness 目标 Writer 章节一致
industry,industry_competition,industry_competition,竞争格局、集中度与主要参与者,topic_harness,industry_competition.competition_concentration,fact_set,竞争格局与集中度,topic_harness,竞争格局 | 集中度,required_fields_complete | minimum_sources | direct_support | search_audit,,er_ind_competition,web,source_policy_v1,STRUCTURAL_5Y_CURRENT,required_body,paragraph,write_not_found,NONE,,,body,,,CONFIRMED,"CONFIRMED：由 v1 维度「竞争格局与集中度」固化，以 fact_set 形态独立研究，覆盖 ['required_fields_complete', 'minimum_sources', 'direct_support', 'search_audit']，证据 ['er_ind_competition']（['external']），主槽位 ind-h4；可独立核验，无需额外业务裁决",,,竞争格局、集中度与主要参与者,竞争格局与集中度 | 主要参与者,unchanged,v1 required_aspects 固化为稳定 aspect_id，无语义变更（不拆分）。,竞争格局与集中度,竞争格局与集中度,"以 fact_set 形态独立研究，required_fields=['竞争格局', '集中度']，可独立核验/成缺口","覆盖规则 ['required_fields_complete', 'minimum_sources', 'direct_support', 'search_audit']（producer_kind=topic_harness，集合锚点 无）",保留 search_audit：负面核验/not_found/集合完整性/外部时效需记录检索范围与截止日期,证据 ['er_ind_competition']：evidence_kind=['web']，source_classes=['external']，minimum_sources=[1],primary:ind-h4,主槽位落在 ind-h4（行业 H2 正文），与 producer_kind=topic_harness 目标 Writer 章节一致
industry,industry_competition,industry_competition,竞争格局、集中度与主要参与者,topic_harness,industry_competition.major_participants,fact_set,主要参与者,topic_harness,主要参与者,required_fields_complete | minimum_sources | direct_support | search_audit,,er_ind_competition,web,source_policy_v1,STRUCTURAL_5Y_CURRENT,required_body,paragraph,write_not_found,NONE,,,body,,,CONFIRMED,"CONFIRMED：由 v1 维度「主要参与者」固化，以 fact_set 形态独立研究，覆盖 ['required_fields_complete', 'minimum_sources', 'direct_support', 'search_audit']，证据 ['er_ind_competition']（['external']），主槽位 ind-h4；可独立核验，无需额外业务裁决",,,竞争格局、集中度与主要参与者,竞争格局与集中度 | 主要参与者,unchanged,v1 required_aspects 固化为稳定 aspect_id，无语义变更（不拆分）。,主要参与者,主要参与者,以 fact_set 形态独立研究，required_fields=['主要参与者']，可独立核验/成缺口,"覆盖规则 ['required_fields_complete', 'minimum_sources', 'direct_support', 'search_audit']（producer_kind=topic_harness，集合锚点 无）",保留 search_audit：负面核验/not_found/集合完整性/外部时效需记录检索范围与截止日期,证据 ['er_ind_competition']：evidence_kind=['web']，source_classes=['external']，minimum_sources=[1],primary:ind-h4,主槽位落在 ind-h4（行业 H2 正文），与 producer_kind=topic_harness 目标 Writer 章节一致
industry,industry_policy,industry_policy,政策、监管、技术替代与外部冲击,topic_harness,industry_policy.policy_regulation,fact_set,政策与监管,topic_harness,政策 | 监管,required_fields_complete | minimum_sources | direct_support | search_audit,,er_ind_policy,web,source_policy_v1,STRUCTURAL_5Y_CURRENT,required_body,paragraph,write_not_found,NONE,,,body,,,CONFIRMED,"CONFIRMED：由 v1 维度「政策与监管」固化，以 fact_set 形态独立研究，覆盖 ['required_fields_complete', 'minimum_sources', 'direct_support', 'search_audit']，证据 ['er_ind_policy']（['external']），主槽位 ind-h5；可独立核验，无需额外业务裁决",,,政策、监管、技术替代与外部冲击,政策与监管 | 技术替代 | 外部冲击,unchanged,v1 required_aspects 固化为稳定 aspect_id，无语义变更（不拆分）。,政策与监管,政策与监管,"以 fact_set 形态独立研究，required_fields=['政策', '监管']，可独立核验/成缺口","覆盖规则 ['required_fields_complete', 'minimum_sources', 'direct_support', 'search_audit']（producer_kind=topic_harness，集合锚点 无）",保留 search_audit：负面核验/not_found/集合完整性/外部时效需记录检索范围与截止日期,证据 ['er_ind_policy']：evidence_kind=['web']，source_classes=['external']，minimum_sources=[1],primary:ind-h5,主槽位落在 ind-h5（行业 H2 正文），与 producer_kind=topic_harness 目标 Writer 章节一致
industry,industry_policy,industry_policy,政策、监管、技术替代与外部冲击,topic_harness,industry_policy.tech_substitution,fact_set,技术替代,topic_harness,技术替代,required_fields_complete | minimum_sources | direct_support | search_audit,,er_ind_policy,web,source_policy_v1,STRUCTURAL_5Y_CURRENT,required_body,paragraph,write_not_found,NONE,,,body,,,CONFIRMED,"CONFIRMED：由 v1 维度「技术替代」固化，以 fact_set 形态独立研究，覆盖 ['required_fields_complete', 'minimum_sources', 'direct_support', 'search_audit']，证据 ['er_ind_policy']（['external']），主槽位 ind-h5；可独立核验，无需额外业务裁决",,,政策、监管、技术替代与外部冲击,政策与监管 | 技术替代 | 外部冲击,unchanged,v1 required_aspects 固化为稳定 aspect_id，无语义变更（不拆分）。,技术替代,技术替代,以 fact_set 形态独立研究，required_fields=['技术替代']，可独立核验/成缺口,"覆盖规则 ['required_fields_complete', 'minimum_sources', 'direct_support', 'search_audit']（producer_kind=topic_harness，集合锚点 无）",保留 search_audit：负面核验/not_found/集合完整性/外部时效需记录检索范围与截止日期,证据 ['er_ind_policy']：evidence_kind=['web']，source_classes=['external']，minimum_sources=[1],primary:ind-h5,主槽位落在 ind-h5（行业 H2 正文），与 producer_kind=topic_harness 目标 Writer 章节一致
industry,industry_policy,industry_policy,政策、监管、技术替代与外部冲击,topic_harness,industry_policy.external_shock,fact_set,外部冲击（近24个月及所有未完结或仍产生重大影响的更早事项）,topic_harness,外部冲击,required_fields_complete | minimum_sources | direct_support | search_audit,,er_ind_policy,web,source_policy_v1,RECENT_24M_WITH_OPEN_TAIL,required_body,paragraph,write_not_found,NONE,,,body,,,CONFIRMED,"CONFIRMED：由 v1 维度「外部冲击」固化，以 fact_set 形态独立研究，覆盖 ['required_fields_complete', 'minimum_sources', 'direct_support', 'search_audit']，证据 ['er_ind_policy']（['external']），主槽位 ind-h5；可独立核验，无需额外业务裁决",,,政策、监管、技术替代与外部冲击,政策与监管 | 技术替代 | 外部冲击,unchanged,v1 required_aspects 固化为稳定 aspect_id，无语义变更（不拆分）。,外部冲击,外部冲击（近24个月及所有未完结或仍产生重大影响的更早事项）,以 fact_set 形态独立研究，required_fields=['外部冲击']，可独立核验/成缺口,"覆盖规则 ['required_fields_complete', 'minimum_sources', 'direct_support', 'search_audit']（producer_kind=topic_harness，集合锚点 无）",保留 search_audit：负面核验/not_found/集合完整性/外部时效需记录检索范围与截止日期,证据 ['er_ind_policy']：evidence_kind=['web']，source_classes=['external']，minimum_sources=[1],primary:ind-h5,主槽位落在 ind-h5（行业 H2 正文），与 producer_kind=topic_harness 目标 Writer 章节一致
industry,industry_position,industry_position,公司行业地位与相对竞争能力,topic_harness,industry_position.company_industry_position,single_judgment,公司行业地位,topic_harness,公司行业地位,required_fields_complete | minimum_sources | direct_support | search_audit,,er_ind_position,web,source_policy_v1,STRUCTURAL_5Y_CURRENT,required_body,paragraph,write_not_found,NONE,,,body,,,CONFIRMED,"CONFIRMED：由 v1 维度「公司行业地位」固化，以 single_judgment 形态独立研究，覆盖 ['required_fields_complete', 'minimum_sources', 'direct_support', 'search_audit']，证据 ['er_ind_position']（['external']），主槽位 ind-h6；可独立核验，无需额外业务裁决",,,公司行业地位与相对竞争能力,公司行业地位 | 相对竞争能力,unchanged,v1 required_aspects 固化为稳定 aspect_id，无语义变更（不拆分）。,公司行业地位,公司行业地位,以 single_judgment 形态独立研究，required_fields=['公司行业地位']，可独立核验/成缺口,"覆盖规则 ['required_fields_complete', 'minimum_sources', 'direct_support', 'search_audit']（producer_kind=topic_harness，集合锚点 无）",保留 search_audit：负面核验/not_found/集合完整性/外部时效需记录检索范围与截止日期,证据 ['er_ind_position']：evidence_kind=['web']，source_classes=['external']，minimum_sources=[1],primary:ind-h6,主槽位落在 ind-h6（行业 H2 正文），与 producer_kind=topic_harness 目标 Writer 章节一致
industry,industry_position,industry_position,公司行业地位与相对竞争能力,topic_harness,industry_position.relative_competitiveness,single_judgment,相对竞争能力,topic_harness,相对竞争能力,required_fields_complete | minimum_sources | direct_support | search_audit,,er_ind_position,web,source_policy_v1,STRUCTURAL_5Y_CURRENT,required_body,paragraph,write_not_found,NONE,,,body,,,CONFIRMED,"CONFIRMED：由 v1 维度「相对竞争能力」固化，以 single_judgment 形态独立研究，覆盖 ['required_fields_complete', 'minimum_sources', 'direct_support', 'search_audit']，证据 ['er_ind_position']（['external']），主槽位 ind-h6；可独立核验，无需额外业务裁决",,,公司行业地位与相对竞争能力,公司行业地位 | 相对竞争能力,unchanged,v1 required_aspects 固化为稳定 aspect_id，无语义变更（不拆分）。,相对竞争能力,相对竞争能力,以 single_judgment 形态独立研究，required_fields=['相对竞争能力']，可独立核验/成缺口,"覆盖规则 ['required_fields_complete', 'minimum_sources', 'direct_support', 'search_audit']（producer_kind=topic_harness，集合锚点 无）",保留 search_audit：负面核验/not_found/集合完整性/外部时效需记录检索范围与截止日期,证据 ['er_ind_position']：evidence_kind=['web']，source_classes=['external']，minimum_sources=[1],primary:ind-h6,主槽位落在 ind-h6（行业 H2 正文），与 producer_kind=topic_harness 目标 Writer 章节一致
industry,industry_comparables,industry_comparables,选择 3～5 家可比公司并做相对比较（3~5 家是目标不是门禁：1~2 家说明限制、无直接可比用相近、无合理可比说明不可比，不强行选不可比公司）,topic_harness,industry_comparables.comparable_selection,fact_set,可比公司选择（3~5家为目标非门禁；1~2家说明限制；无直接可比用相近；无合理可比说明不可比）,topic_harness,可比公司选择,required_fields_complete | minimum_sources | direct_support | search_audit,,er_ind_comparables,web,source_policy_v1,THREE_YEARS_PLUS_LATEST,required_body,paragraph,write_not_found,NONE,,,body,,,CONFIRMED,"CONFIRMED：由 v1 维度「可比公司选择」固化，以 fact_set 形态独立研究，覆盖 ['required_fields_complete', 'minimum_sources', 'direct_support', 'search_audit']，证据 ['er_ind_comparables']（['external']），主槽位 ind-h7；可独立核验，无需额外业务裁决",,,选择 3～5 家可比公司并做相对比较（3~5 家是目标不是门禁：1~2 家说明限制、无直接可比用相近、无合理可比说明不可比，不强行选不可比公司）,可比公司选择 | 相对比较,unchanged,v1 required_aspects 固化为稳定 aspect_id，无语义变更（不拆分）。,可比公司选择,可比公司选择（3~5家为目标非门禁；1~2家说明限制；无直接可比用相近；无合理可比说明不可比）,以 fact_set 形态独立研究，required_fields=['可比公司选择']，可独立核验/成缺口,"覆盖规则 ['required_fields_complete', 'minimum_sources', 'direct_support', 'search_audit']（producer_kind=topic_harness，集合锚点 无）",保留 search_audit：负面核验/not_found/集合完整性/外部时效需记录检索范围与截止日期,证据 ['er_ind_comparables']：evidence_kind=['web']，source_classes=['external']，minimum_sources=[1],primary:ind-h7,主槽位落在 ind-h7（行业 H2 正文），与 producer_kind=topic_harness 目标 Writer 章节一致
industry,industry_comparables,industry_comparables,选择 3～5 家可比公司并做相对比较（3~5 家是目标不是门禁：1~2 家说明限制、无直接可比用相近、无合理可比说明不可比，不强行选不可比公司）,topic_harness,industry_comparables.relative_comparison,fact_set,相对比较,topic_harness,相对比较,required_fields_complete | minimum_sources | direct_support | search_audit,,er_ind_comparables,web,source_policy_v1,THREE_YEARS_PLUS_LATEST,required_body,paragraph_and_table,write_not_found,NONE,,,body,,,CONFIRMED,"CONFIRMED：由 v1 维度「相对比较」固化，以 fact_set 形态独立研究，覆盖 ['required_fields_complete', 'minimum_sources', 'direct_support', 'search_audit']，证据 ['er_ind_comparables']（['external']），主槽位 ind-h7；可独立核验，无需额外业务裁决",,,选择 3～5 家可比公司并做相对比较（3~5 家是目标不是门禁：1~2 家说明限制、无直接可比用相近、无合理可比说明不可比，不强行选不可比公司）,可比公司选择 | 相对比较,unchanged,v1 required_aspects 固化为稳定 aspect_id，无语义变更（不拆分）。,相对比较,相对比较,以 fact_set 形态独立研究，required_fields=['相对比较']，可独立核验/成缺口,"覆盖规则 ['required_fields_complete', 'minimum_sources', 'direct_support', 'search_audit']（producer_kind=topic_harness，集合锚点 无）",保留 search_audit：负面核验/not_found/集合完整性/外部时效需记录检索范围与截止日期,证据 ['er_ind_comparables']：evidence_kind=['web']，source_classes=['external']，minimum_sources=[1],primary:ind-h7,主槽位落在 ind-h7（行业 H2 正文），与 producer_kind=topic_harness 目标 Writer 章节一致
industry,industry_risk_transmission,industry_risk_transmission,行业风险向借款人需求/收入、原材料/成本、产能/资本开支、现金流和偿债能力的传导（四层：industry_background / conditional_transmission / company_exposure / actual_company_impact）,topic_harness,industry_risk_transmission.demand_revenue.industry_background,fact_set,需求/收入传导 · 行业背景（外部权威事实）,topic_harness,需求收入-行业背景,required_fields_complete | minimum_sources | direct_support | search_audit,,er_ind_transmission_background,claim,source_policy_v1,STRUCTURAL_5Y_CURRENT,required_body,paragraph,write_not_found,NONE,,key_financial,body,,,CONFIRMED,"CONFIRMED：由 v1 维度「对收入的传导」固化，以 fact_set 形态独立研究，覆盖 ['required_fields_complete', 'minimum_sources', 'direct_support', 'search_audit']，证据 ['er_ind_transmission_background']（['external']），主槽位 ind-h8；可独立核验，无需额外业务裁决",industry_background,demand_revenue,行业风险向借款人收入、成本、资本开支、现金流和偿债能力的传导,对收入的传导 | 对成本与资本开支的传导 | 对现金流与偿债能力的传导,split,v1 的 3 个 required_aspects 拆为 16 个独立 required_body aspect（对收入的传导→4、对成本与资本开支的传导→8、对现金流与偿债能力的传导→4），各自可独立研究/核验/成缺口。,对收入的传导,需求/收入传导 · 行业背景（外部权威事实）,以 fact_set 形态独立研究，required_fields=['需求收入-行业背景']，可独立核验/成缺口,"覆盖规则 ['required_fields_complete', 'minimum_sources', 'direct_support', 'search_audit']（producer_kind=topic_harness，集合锚点 无）",保留 search_audit：负面核验/not_found/集合完整性/外部时效需记录检索范围与截止日期,证据 ['er_ind_transmission_background']：evidence_kind=['claim']，source_classes=['external']，minimum_sources=[1],primary:ind-h8,主槽位落在 ind-h8（行业 H2 正文），与 producer_kind=topic_harness 目标 Writer 章节一致
industry,industry_risk_transmission,industry_risk_transmission,行业风险向借款人需求/收入、原材料/成本、产能/资本开支、现金流和偿债能力的传导（四层：industry_background / conditional_transmission / company_exposure / actual_company_impact）,topic_harness,industry_risk_transmission.demand_revenue.conditional_transmission,fact_set,需求/收入传导 · 条件性传导（可能/通常/取决于，保留 inference 依据）,topic_harness,需求收入-条件性传导,required_fields_complete | minimum_sources | direct_support,,er_ind_transmission_conditional,inference,source_policy_v1,STRUCTURAL_5Y_CURRENT,required_body,paragraph,write_not_found,NONE,,key_financial,body,,,CONFIRMED,"CONFIRMED：由 v1 维度「对收入的传导」固化，以 fact_set 形态独立研究，覆盖 ['required_fields_complete', 'minimum_sources', 'direct_support']，证据 ['er_ind_transmission_conditional']（['company_industry', 'external']），主槽位 ind-h8；可独立核验，无需额外业务裁决",conditional_transmission,demand_revenue,行业风险向借款人收入、成本、资本开支、现金流和偿债能力的传导,对收入的传导 | 对成本与资本开支的传导 | 对现金流与偿债能力的传导,split,v1 的 3 个 required_aspects 拆为 16 个独立 required_body aspect（对收入的传导→4、对成本与资本开支的传导→8、对现金流与偿债能力的传导→4），各自可独立研究/核验/成缺口。,对收入的传导,需求/收入传导 · 条件性传导（可能/通常/取决于，保留 inference 依据）,以 fact_set 形态独立研究，required_fields=['需求收入-条件性传导']，可独立核验/成缺口,"覆盖规则 ['required_fields_complete', 'minimum_sources', 'direct_support']（producer_kind=topic_harness，集合锚点 无）",不保留 search_audit：普通正向事实或财务/派生/synth，不机械要求检索审计,"证据 ['er_ind_transmission_conditional']：evidence_kind=['inference']，source_classes=['company_industry', 'external']，minimum_sources=[1]",primary:ind-h8,主槽位落在 ind-h8（行业 H2 正文），与 producer_kind=topic_harness 目标 Writer 章节一致
industry,industry_risk_transmission,industry_risk_transmission,行业风险向借款人需求/收入、原材料/成本、产能/资本开支、现金流和偿债能力的传导（四层：industry_background / conditional_transmission / company_exposure / actual_company_impact）,topic_harness,industry_risk_transmission.demand_revenue.company_exposure,fact_set,需求/收入传导 · 公司暴露（定性公司事实，外部不自证）,topic_harness,需求收入-公司暴露,required_fields_complete | minimum_sources | direct_support,,er_ind_transmission_exposure,claim,source_policy_v1,STRUCTURAL_5Y_CURRENT,required_body,paragraph,write_not_found,NONE,,key_financial,body,,,CONFIRMED,"CONFIRMED：由 v1 维度「对收入的传导」固化，以 fact_set 形态独立研究，覆盖 ['required_fields_complete', 'minimum_sources', 'direct_support']，证据 ['er_ind_transmission_exposure']（['company_industry']），主槽位 ind-h8；可独立核验，无需额外业务裁决",company_exposure,demand_revenue,行业风险向借款人收入、成本、资本开支、现金流和偿债能力的传导,对收入的传导 | 对成本与资本开支的传导 | 对现金流与偿债能力的传导,split,v1 的 3 个 required_aspects 拆为 16 个独立 required_body aspect（对收入的传导→4、对成本与资本开支的传导→8、对现金流与偿债能力的传导→4），各自可独立研究/核验/成缺口。,对收入的传导,需求/收入传导 · 公司暴露（定性公司事实，外部不自证）,以 fact_set 形态独立研究，required_fields=['需求收入-公司暴露']，可独立核验/成缺口,"覆盖规则 ['required_fields_complete', 'minimum_sources', 'direct_support']（producer_kind=topic_harness，集合锚点 无）",不保留 search_audit：普通正向事实或财务/派生/synth，不机械要求检索审计,证据 ['er_ind_transmission_exposure']：evidence_kind=['claim']，source_classes=['company_industry']，minimum_sources=[1],primary:ind-h8,主槽位落在 ind-h8（行业 H2 正文），与 producer_kind=topic_harness 目标 Writer 章节一致
industry,industry_risk_transmission,industry_risk_transmission,行业风险向借款人需求/收入、原材料/成本、产能/资本开支、现金流和偿债能力的传导（四层：industry_background / conditional_transmission / company_exposure / actual_company_impact）,topic_harness,industry_risk_transmission.demand_revenue.actual_company_impact,fact_set,需求/收入传导 · 实际影响（定量暴露/财务影响/管理层披露）,topic_harness,需求收入-实际影响,required_fields_complete | minimum_sources | direct_support,,er_ind_transmission_impact,claim,source_policy_v1,STRUCTURAL_5Y_CURRENT,required_body,paragraph,write_not_found,NONE,,key_financial,body,,,CONFIRMED,"CONFIRMED：由 v1 维度「对收入的传导」固化，以 fact_set 形态独立研究，覆盖 ['required_fields_complete', 'minimum_sources', 'direct_support']，证据 ['er_ind_transmission_impact']（['company_industry', 'financial', 'structured_db']），主槽位 ind-h8；可独立核验，无需额外业务裁决",actual_company_impact,demand_revenue,行业风险向借款人收入、成本、资本开支、现金流和偿债能力的传导,对收入的传导 | 对成本与资本开支的传导 | 对现金流与偿债能力的传导,split,v1 的 3 个 required_aspects 拆为 16 个独立 required_body aspect（对收入的传导→4、对成本与资本开支的传导→8、对现金流与偿债能力的传导→4），各自可独立研究/核验/成缺口。,对收入的传导,需求/收入传导 · 实际影响（定量暴露/财务影响/管理层披露）,以 fact_set 形态独立研究，required_fields=['需求收入-实际影响']，可独立核验/成缺口,"覆盖规则 ['required_fields_complete', 'minimum_sources', 'direct_support']（producer_kind=topic_harness，集合锚点 无）",不保留 search_audit：普通正向事实或财务/派生/synth，不机械要求检索审计,"证据 ['er_ind_transmission_impact']：evidence_kind=['claim']，source_classes=['company_industry', 'financial', 'structured_db']，minimum_sources=[1]",primary:ind-h8,主槽位落在 ind-h8（行业 H2 正文），与 producer_kind=topic_harness 目标 Writer 章节一致
industry,industry_risk_transmission,industry_risk_transmission,行业风险向借款人需求/收入、原材料/成本、产能/资本开支、现金流和偿债能力的传导（四层：industry_background / conditional_transmission / company_exposure / actual_company_impact）,topic_harness,industry_risk_transmission.raw_material_cost.industry_background,fact_set,原材料/成本传导 · 行业背景（外部权威事实）,topic_harness,原材料成本-行业背景,required_fields_complete | minimum_sources | direct_support | search_audit,,er_ind_transmission_background,claim,source_policy_v1,STRUCTURAL_5Y_CURRENT,required_body,paragraph,write_not_found,NONE,,key_financial,body,,,CONFIRMED,"CONFIRMED：由 v1 维度「对成本与资本开支的传导」固化，以 fact_set 形态独立研究，覆盖 ['required_fields_complete', 'minimum_sources', 'direct_support', 'search_audit']，证据 ['er_ind_transmission_background']（['external']），主槽位 ind-h8；可独立核验，无需额外业务裁决",industry_background,raw_material_cost,行业风险向借款人收入、成本、资本开支、现金流和偿债能力的传导,对收入的传导 | 对成本与资本开支的传导 | 对现金流与偿债能力的传导,split,v1 的 3 个 required_aspects 拆为 16 个独立 required_body aspect（对收入的传导→4、对成本与资本开支的传导→8、对现金流与偿债能力的传导→4），各自可独立研究/核验/成缺口。,对成本与资本开支的传导,原材料/成本传导 · 行业背景（外部权威事实）,以 fact_set 形态独立研究，required_fields=['原材料成本-行业背景']，可独立核验/成缺口,"覆盖规则 ['required_fields_complete', 'minimum_sources', 'direct_support', 'search_audit']（producer_kind=topic_harness，集合锚点 无）",保留 search_audit：负面核验/not_found/集合完整性/外部时效需记录检索范围与截止日期,证据 ['er_ind_transmission_background']：evidence_kind=['claim']，source_classes=['external']，minimum_sources=[1],primary:ind-h8,主槽位落在 ind-h8（行业 H2 正文），与 producer_kind=topic_harness 目标 Writer 章节一致
industry,industry_risk_transmission,industry_risk_transmission,行业风险向借款人需求/收入、原材料/成本、产能/资本开支、现金流和偿债能力的传导（四层：industry_background / conditional_transmission / company_exposure / actual_company_impact）,topic_harness,industry_risk_transmission.raw_material_cost.conditional_transmission,fact_set,原材料/成本传导 · 条件性传导（可能/通常/取决于，保留 inference 依据）,topic_harness,原材料成本-条件性传导,required_fields_complete | minimum_sources | direct_support,,er_ind_transmission_conditional,inference,source_policy_v1,STRUCTURAL_5Y_CURRENT,required_body,paragraph,write_not_found,NONE,,key_financial,body,,,CONFIRMED,"CONFIRMED：由 v1 维度「对成本与资本开支的传导」固化，以 fact_set 形态独立研究，覆盖 ['required_fields_complete', 'minimum_sources', 'direct_support']，证据 ['er_ind_transmission_conditional']（['company_industry', 'external']），主槽位 ind-h8；可独立核验，无需额外业务裁决",conditional_transmission,raw_material_cost,行业风险向借款人收入、成本、资本开支、现金流和偿债能力的传导,对收入的传导 | 对成本与资本开支的传导 | 对现金流与偿债能力的传导,split,v1 的 3 个 required_aspects 拆为 16 个独立 required_body aspect（对收入的传导→4、对成本与资本开支的传导→8、对现金流与偿债能力的传导→4），各自可独立研究/核验/成缺口。,对成本与资本开支的传导,原材料/成本传导 · 条件性传导（可能/通常/取决于，保留 inference 依据）,以 fact_set 形态独立研究，required_fields=['原材料成本-条件性传导']，可独立核验/成缺口,"覆盖规则 ['required_fields_complete', 'minimum_sources', 'direct_support']（producer_kind=topic_harness，集合锚点 无）",不保留 search_audit：普通正向事实或财务/派生/synth，不机械要求检索审计,"证据 ['er_ind_transmission_conditional']：evidence_kind=['inference']，source_classes=['company_industry', 'external']，minimum_sources=[1]",primary:ind-h8,主槽位落在 ind-h8（行业 H2 正文），与 producer_kind=topic_harness 目标 Writer 章节一致
industry,industry_risk_transmission,industry_risk_transmission,行业风险向借款人需求/收入、原材料/成本、产能/资本开支、现金流和偿债能力的传导（四层：industry_background / conditional_transmission / company_exposure / actual_company_impact）,topic_harness,industry_risk_transmission.raw_material_cost.company_exposure,fact_set,原材料/成本传导 · 公司暴露（定性公司事实，外部不自证）,topic_harness,原材料成本-公司暴露,required_fields_complete | minimum_sources | direct_support,,er_ind_transmission_exposure,claim,source_policy_v1,STRUCTURAL_5Y_CURRENT,required_body,paragraph,write_not_found,NONE,,key_financial,body,,,CONFIRMED,"CONFIRMED：由 v1 维度「对成本与资本开支的传导」固化，以 fact_set 形态独立研究，覆盖 ['required_fields_complete', 'minimum_sources', 'direct_support']，证据 ['er_ind_transmission_exposure']（['company_industry']），主槽位 ind-h8；可独立核验，无需额外业务裁决",company_exposure,raw_material_cost,行业风险向借款人收入、成本、资本开支、现金流和偿债能力的传导,对收入的传导 | 对成本与资本开支的传导 | 对现金流与偿债能力的传导,split,v1 的 3 个 required_aspects 拆为 16 个独立 required_body aspect（对收入的传导→4、对成本与资本开支的传导→8、对现金流与偿债能力的传导→4），各自可独立研究/核验/成缺口。,对成本与资本开支的传导,原材料/成本传导 · 公司暴露（定性公司事实，外部不自证）,以 fact_set 形态独立研究，required_fields=['原材料成本-公司暴露']，可独立核验/成缺口,"覆盖规则 ['required_fields_complete', 'minimum_sources', 'direct_support']（producer_kind=topic_harness，集合锚点 无）",不保留 search_audit：普通正向事实或财务/派生/synth，不机械要求检索审计,证据 ['er_ind_transmission_exposure']：evidence_kind=['claim']，source_classes=['company_industry']，minimum_sources=[1],primary:ind-h8,主槽位落在 ind-h8（行业 H2 正文），与 producer_kind=topic_harness 目标 Writer 章节一致
industry,industry_risk_transmission,industry_risk_transmission,行业风险向借款人需求/收入、原材料/成本、产能/资本开支、现金流和偿债能力的传导（四层：industry_background / conditional_transmission / company_exposure / actual_company_impact）,topic_harness,industry_risk_transmission.raw_material_cost.actual_company_impact,fact_set,原材料/成本传导 · 实际影响（定量暴露/财务影响/管理层披露）,topic_harness,原材料成本-实际影响,required_fields_complete | minimum_sources | direct_support,,er_ind_transmission_impact,claim,source_policy_v1,STRUCTURAL_5Y_CURRENT,required_body,paragraph,write_not_found,NONE,,key_financial,body,,,CONFIRMED,"CONFIRMED：由 v1 维度「对成本与资本开支的传导」固化，以 fact_set 形态独立研究，覆盖 ['required_fields_complete', 'minimum_sources', 'direct_support']，证据 ['er_ind_transmission_impact']（['company_industry', 'financial', 'structured_db']），主槽位 ind-h8；可独立核验，无需额外业务裁决",actual_company_impact,raw_material_cost,行业风险向借款人收入、成本、资本开支、现金流和偿债能力的传导,对收入的传导 | 对成本与资本开支的传导 | 对现金流与偿债能力的传导,split,v1 的 3 个 required_aspects 拆为 16 个独立 required_body aspect（对收入的传导→4、对成本与资本开支的传导→8、对现金流与偿债能力的传导→4），各自可独立研究/核验/成缺口。,对成本与资本开支的传导,原材料/成本传导 · 实际影响（定量暴露/财务影响/管理层披露）,以 fact_set 形态独立研究，required_fields=['原材料成本-实际影响']，可独立核验/成缺口,"覆盖规则 ['required_fields_complete', 'minimum_sources', 'direct_support']（producer_kind=topic_harness，集合锚点 无）",不保留 search_audit：普通正向事实或财务/派生/synth，不机械要求检索审计,"证据 ['er_ind_transmission_impact']：evidence_kind=['claim']，source_classes=['company_industry', 'financial', 'structured_db']，minimum_sources=[1]",primary:ind-h8,主槽位落在 ind-h8（行业 H2 正文），与 producer_kind=topic_harness 目标 Writer 章节一致
industry,industry_risk_transmission,industry_risk_transmission,行业风险向借款人需求/收入、原材料/成本、产能/资本开支、现金流和偿债能力的传导（四层：industry_background / conditional_transmission / company_exposure / actual_company_impact）,topic_harness,industry_risk_transmission.capacity_capex.industry_background,fact_set,产能/资本开支传导 · 行业背景（外部权威事实）,topic_harness,产能资本开支-行业背景,required_fields_complete | minimum_sources | direct_support | search_audit,,er_ind_transmission_background,claim,source_policy_v1,STRUCTURAL_5Y_CURRENT,required_body,paragraph,write_not_found,NONE,,key_financial,body,,,CONFIRMED,"CONFIRMED：由 v1 维度「对成本与资本开支的传导」固化，以 fact_set 形态独立研究，覆盖 ['required_fields_complete', 'minimum_sources', 'direct_support', 'search_audit']，证据 ['er_ind_transmission_background']（['external']），主槽位 ind-h8；可独立核验，无需额外业务裁决",industry_background,capacity_capex,行业风险向借款人收入、成本、资本开支、现金流和偿债能力的传导,对收入的传导 | 对成本与资本开支的传导 | 对现金流与偿债能力的传导,split,v1 的 3 个 required_aspects 拆为 16 个独立 required_body aspect（对收入的传导→4、对成本与资本开支的传导→8、对现金流与偿债能力的传导→4），各自可独立研究/核验/成缺口。,对成本与资本开支的传导,产能/资本开支传导 · 行业背景（外部权威事实）,以 fact_set 形态独立研究，required_fields=['产能资本开支-行业背景']，可独立核验/成缺口,"覆盖规则 ['required_fields_complete', 'minimum_sources', 'direct_support', 'search_audit']（producer_kind=topic_harness，集合锚点 无）",保留 search_audit：负面核验/not_found/集合完整性/外部时效需记录检索范围与截止日期,证据 ['er_ind_transmission_background']：evidence_kind=['claim']，source_classes=['external']，minimum_sources=[1],primary:ind-h8,主槽位落在 ind-h8（行业 H2 正文），与 producer_kind=topic_harness 目标 Writer 章节一致
industry,industry_risk_transmission,industry_risk_transmission,行业风险向借款人需求/收入、原材料/成本、产能/资本开支、现金流和偿债能力的传导（四层：industry_background / conditional_transmission / company_exposure / actual_company_impact）,topic_harness,industry_risk_transmission.capacity_capex.conditional_transmission,fact_set,产能/资本开支传导 · 条件性传导（可能/通常/取决于，保留 inference 依据）,topic_harness,产能资本开支-条件性传导,required_fields_complete | minimum_sources | direct_support,,er_ind_transmission_conditional,inference,source_policy_v1,STRUCTURAL_5Y_CURRENT,required_body,paragraph,write_not_found,NONE,,key_financial,body,,,CONFIRMED,"CONFIRMED：由 v1 维度「对成本与资本开支的传导」固化，以 fact_set 形态独立研究，覆盖 ['required_fields_complete', 'minimum_sources', 'direct_support']，证据 ['er_ind_transmission_conditional']（['company_industry', 'external']），主槽位 ind-h8；可独立核验，无需额外业务裁决",conditional_transmission,capacity_capex,行业风险向借款人收入、成本、资本开支、现金流和偿债能力的传导,对收入的传导 | 对成本与资本开支的传导 | 对现金流与偿债能力的传导,split,v1 的 3 个 required_aspects 拆为 16 个独立 required_body aspect（对收入的传导→4、对成本与资本开支的传导→8、对现金流与偿债能力的传导→4），各自可独立研究/核验/成缺口。,对成本与资本开支的传导,产能/资本开支传导 · 条件性传导（可能/通常/取决于，保留 inference 依据）,以 fact_set 形态独立研究，required_fields=['产能资本开支-条件性传导']，可独立核验/成缺口,"覆盖规则 ['required_fields_complete', 'minimum_sources', 'direct_support']（producer_kind=topic_harness，集合锚点 无）",不保留 search_audit：普通正向事实或财务/派生/synth，不机械要求检索审计,"证据 ['er_ind_transmission_conditional']：evidence_kind=['inference']，source_classes=['company_industry', 'external']，minimum_sources=[1]",primary:ind-h8,主槽位落在 ind-h8（行业 H2 正文），与 producer_kind=topic_harness 目标 Writer 章节一致
industry,industry_risk_transmission,industry_risk_transmission,行业风险向借款人需求/收入、原材料/成本、产能/资本开支、现金流和偿债能力的传导（四层：industry_background / conditional_transmission / company_exposure / actual_company_impact）,topic_harness,industry_risk_transmission.capacity_capex.company_exposure,fact_set,产能/资本开支传导 · 公司暴露（定性公司事实，外部不自证）,topic_harness,产能资本开支-公司暴露,required_fields_complete | minimum_sources | direct_support,,er_ind_transmission_exposure,claim,source_policy_v1,STRUCTURAL_5Y_CURRENT,required_body,paragraph,write_not_found,NONE,,key_financial,body,,,CONFIRMED,"CONFIRMED：由 v1 维度「对成本与资本开支的传导」固化，以 fact_set 形态独立研究，覆盖 ['required_fields_complete', 'minimum_sources', 'direct_support']，证据 ['er_ind_transmission_exposure']（['company_industry']），主槽位 ind-h8；可独立核验，无需额外业务裁决",company_exposure,capacity_capex,行业风险向借款人收入、成本、资本开支、现金流和偿债能力的传导,对收入的传导 | 对成本与资本开支的传导 | 对现金流与偿债能力的传导,split,v1 的 3 个 required_aspects 拆为 16 个独立 required_body aspect（对收入的传导→4、对成本与资本开支的传导→8、对现金流与偿债能力的传导→4），各自可独立研究/核验/成缺口。,对成本与资本开支的传导,产能/资本开支传导 · 公司暴露（定性公司事实，外部不自证）,以 fact_set 形态独立研究，required_fields=['产能资本开支-公司暴露']，可独立核验/成缺口,"覆盖规则 ['required_fields_complete', 'minimum_sources', 'direct_support']（producer_kind=topic_harness，集合锚点 无）",不保留 search_audit：普通正向事实或财务/派生/synth，不机械要求检索审计,证据 ['er_ind_transmission_exposure']：evidence_kind=['claim']，source_classes=['company_industry']，minimum_sources=[1],primary:ind-h8,主槽位落在 ind-h8（行业 H2 正文），与 producer_kind=topic_harness 目标 Writer 章节一致
industry,industry_risk_transmission,industry_risk_transmission,行业风险向借款人需求/收入、原材料/成本、产能/资本开支、现金流和偿债能力的传导（四层：industry_background / conditional_transmission / company_exposure / actual_company_impact）,topic_harness,industry_risk_transmission.capacity_capex.actual_company_impact,fact_set,产能/资本开支传导 · 实际影响（定量暴露/财务影响/管理层披露）,topic_harness,产能资本开支-实际影响,required_fields_complete | minimum_sources | direct_support,,er_ind_transmission_impact,claim,source_policy_v1,STRUCTURAL_5Y_CURRENT,required_body,paragraph,write_not_found,NONE,,key_financial,body,,,CONFIRMED,"CONFIRMED：由 v1 维度「对成本与资本开支的传导」固化，以 fact_set 形态独立研究，覆盖 ['required_fields_complete', 'minimum_sources', 'direct_support']，证据 ['er_ind_transmission_impact']（['company_industry', 'financial', 'structured_db']），主槽位 ind-h8；可独立核验，无需额外业务裁决",actual_company_impact,capacity_capex,行业风险向借款人收入、成本、资本开支、现金流和偿债能力的传导,对收入的传导 | 对成本与资本开支的传导 | 对现金流与偿债能力的传导,split,v1 的 3 个 required_aspects 拆为 16 个独立 required_body aspect（对收入的传导→4、对成本与资本开支的传导→8、对现金流与偿债能力的传导→4），各自可独立研究/核验/成缺口。,对成本与资本开支的传导,产能/资本开支传导 · 实际影响（定量暴露/财务影响/管理层披露）,以 fact_set 形态独立研究，required_fields=['产能资本开支-实际影响']，可独立核验/成缺口,"覆盖规则 ['required_fields_complete', 'minimum_sources', 'direct_support']（producer_kind=topic_harness，集合锚点 无）",不保留 search_audit：普通正向事实或财务/派生/synth，不机械要求检索审计,"证据 ['er_ind_transmission_impact']：evidence_kind=['claim']，source_classes=['company_industry', 'financial', 'structured_db']，minimum_sources=[1]",primary:ind-h8,主槽位落在 ind-h8（行业 H2 正文），与 producer_kind=topic_harness 目标 Writer 章节一致
industry,industry_risk_transmission,industry_risk_transmission,行业风险向借款人需求/收入、原材料/成本、产能/资本开支、现金流和偿债能力的传导（四层：industry_background / conditional_transmission / company_exposure / actual_company_impact）,topic_harness,industry_risk_transmission.cashflow_solvency.industry_background,fact_set,现金流/偿债传导 · 行业背景（外部权威事实）,topic_harness,现金流偿债-行业背景,required_fields_complete | minimum_sources | direct_support | search_audit,,er_ind_transmission_background,claim,source_policy_v1,STRUCTURAL_5Y_CURRENT,required_body,paragraph,write_not_found,NONE,,solvency,body,,,CONFIRMED,"CONFIRMED：由 v1 维度「对现金流与偿债能力的传导」固化，以 fact_set 形态独立研究，覆盖 ['required_fields_complete', 'minimum_sources', 'direct_support', 'search_audit']，证据 ['er_ind_transmission_background']（['external']），主槽位 ind-h8；可独立核验，无需额外业务裁决",industry_background,cashflow_solvency,行业风险向借款人收入、成本、资本开支、现金流和偿债能力的传导,对收入的传导 | 对成本与资本开支的传导 | 对现金流与偿债能力的传导,split,v1 的 3 个 required_aspects 拆为 16 个独立 required_body aspect（对收入的传导→4、对成本与资本开支的传导→8、对现金流与偿债能力的传导→4），各自可独立研究/核验/成缺口。,对现金流与偿债能力的传导,现金流/偿债传导 · 行业背景（外部权威事实）,以 fact_set 形态独立研究，required_fields=['现金流偿债-行业背景']，可独立核验/成缺口,"覆盖规则 ['required_fields_complete', 'minimum_sources', 'direct_support', 'search_audit']（producer_kind=topic_harness，集合锚点 无）",保留 search_audit：负面核验/not_found/集合完整性/外部时效需记录检索范围与截止日期,证据 ['er_ind_transmission_background']：evidence_kind=['claim']，source_classes=['external']，minimum_sources=[1],primary:ind-h8,主槽位落在 ind-h8（行业 H2 正文），与 producer_kind=topic_harness 目标 Writer 章节一致
industry,industry_risk_transmission,industry_risk_transmission,行业风险向借款人需求/收入、原材料/成本、产能/资本开支、现金流和偿债能力的传导（四层：industry_background / conditional_transmission / company_exposure / actual_company_impact）,topic_harness,industry_risk_transmission.cashflow_solvency.conditional_transmission,fact_set,现金流/偿债传导 · 条件性传导（可能/通常/取决于，保留 inference 依据）,topic_harness,现金流偿债-条件性传导,required_fields_complete | minimum_sources | direct_support,,er_ind_transmission_conditional,inference,source_policy_v1,STRUCTURAL_5Y_CURRENT,required_body,paragraph,write_not_found,NONE,,solvency,body,,,CONFIRMED,"CONFIRMED：由 v1 维度「对现金流与偿债能力的传导」固化，以 fact_set 形态独立研究，覆盖 ['required_fields_complete', 'minimum_sources', 'direct_support']，证据 ['er_ind_transmission_conditional']（['company_industry', 'external']），主槽位 ind-h8；可独立核验，无需额外业务裁决",conditional_transmission,cashflow_solvency,行业风险向借款人收入、成本、资本开支、现金流和偿债能力的传导,对收入的传导 | 对成本与资本开支的传导 | 对现金流与偿债能力的传导,split,v1 的 3 个 required_aspects 拆为 16 个独立 required_body aspect（对收入的传导→4、对成本与资本开支的传导→8、对现金流与偿债能力的传导→4），各自可独立研究/核验/成缺口。,对现金流与偿债能力的传导,现金流/偿债传导 · 条件性传导（可能/通常/取决于，保留 inference 依据）,以 fact_set 形态独立研究，required_fields=['现金流偿债-条件性传导']，可独立核验/成缺口,"覆盖规则 ['required_fields_complete', 'minimum_sources', 'direct_support']（producer_kind=topic_harness，集合锚点 无）",不保留 search_audit：普通正向事实或财务/派生/synth，不机械要求检索审计,"证据 ['er_ind_transmission_conditional']：evidence_kind=['inference']，source_classes=['company_industry', 'external']，minimum_sources=[1]",primary:ind-h8,主槽位落在 ind-h8（行业 H2 正文），与 producer_kind=topic_harness 目标 Writer 章节一致
industry,industry_risk_transmission,industry_risk_transmission,行业风险向借款人需求/收入、原材料/成本、产能/资本开支、现金流和偿债能力的传导（四层：industry_background / conditional_transmission / company_exposure / actual_company_impact）,topic_harness,industry_risk_transmission.cashflow_solvency.company_exposure,fact_set,现金流/偿债传导 · 公司暴露（定性公司事实，外部不自证）,topic_harness,现金流偿债-公司暴露,required_fields_complete | minimum_sources | direct_support,,er_ind_transmission_exposure,claim,source_policy_v1,STRUCTURAL_5Y_CURRENT,required_body,paragraph,write_not_found,NONE,,solvency,body,,,CONFIRMED,"CONFIRMED：由 v1 维度「对现金流与偿债能力的传导」固化，以 fact_set 形态独立研究，覆盖 ['required_fields_complete', 'minimum_sources', 'direct_support']，证据 ['er_ind_transmission_exposure']（['company_industry']），主槽位 ind-h8；可独立核验，无需额外业务裁决",company_exposure,cashflow_solvency,行业风险向借款人收入、成本、资本开支、现金流和偿债能力的传导,对收入的传导 | 对成本与资本开支的传导 | 对现金流与偿债能力的传导,split,v1 的 3 个 required_aspects 拆为 16 个独立 required_body aspect（对收入的传导→4、对成本与资本开支的传导→8、对现金流与偿债能力的传导→4），各自可独立研究/核验/成缺口。,对现金流与偿债能力的传导,现金流/偿债传导 · 公司暴露（定性公司事实，外部不自证）,以 fact_set 形态独立研究，required_fields=['现金流偿债-公司暴露']，可独立核验/成缺口,"覆盖规则 ['required_fields_complete', 'minimum_sources', 'direct_support']（producer_kind=topic_harness，集合锚点 无）",不保留 search_audit：普通正向事实或财务/派生/synth，不机械要求检索审计,证据 ['er_ind_transmission_exposure']：evidence_kind=['claim']，source_classes=['company_industry']，minimum_sources=[1],primary:ind-h8,主槽位落在 ind-h8（行业 H2 正文），与 producer_kind=topic_harness 目标 Writer 章节一致
industry,industry_risk_transmission,industry_risk_transmission,行业风险向借款人需求/收入、原材料/成本、产能/资本开支、现金流和偿债能力的传导（四层：industry_background / conditional_transmission / company_exposure / actual_company_impact）,topic_harness,industry_risk_transmission.cashflow_solvency.actual_company_impact,fact_set,现金流/偿债传导 · 实际影响（定量暴露/财务影响/管理层披露）,topic_harness,现金流偿债-实际影响,required_fields_complete | minimum_sources | direct_support,,er_ind_transmission_impact,claim,source_policy_v1,STRUCTURAL_5Y_CURRENT,required_body,paragraph,write_not_found,NONE,,solvency,body,,,CONFIRMED,"CONFIRMED：由 v1 维度「对现金流与偿债能力的传导」固化，以 fact_set 形态独立研究，覆盖 ['required_fields_complete', 'minimum_sources', 'direct_support']，证据 ['er_ind_transmission_impact']（['company_industry', 'financial', 'structured_db']），主槽位 ind-h8；可独立核验，无需额外业务裁决",actual_company_impact,cashflow_solvency,行业风险向借款人收入、成本、资本开支、现金流和偿债能力的传导,对收入的传导 | 对成本与资本开支的传导 | 对现金流与偿债能力的传导,split,v1 的 3 个 required_aspects 拆为 16 个独立 required_body aspect（对收入的传导→4、对成本与资本开支的传导→8、对现金流与偿债能力的传导→4），各自可独立研究/核验/成缺口。,对现金流与偿债能力的传导,现金流/偿债传导 · 实际影响（定量暴露/财务影响/管理层披露）,以 fact_set 形态独立研究，required_fields=['现金流偿债-实际影响']，可独立核验/成缺口,"覆盖规则 ['required_fields_complete', 'minimum_sources', 'direct_support']（producer_kind=topic_harness，集合锚点 无）",不保留 search_audit：普通正向事实或财务/派生/synth，不机械要求检索审计,"证据 ['er_ind_transmission_impact']：evidence_kind=['claim']，source_classes=['company_industry', 'financial', 'structured_db']，minimum_sources=[1]",primary:ind-h8,主槽位落在 ind-h8（行业 H2 正文），与 producer_kind=topic_harness 目标 Writer 章节一致
industry,industry_monitoring,industry_monitoring,行业结论有效期与监测指标（由本章 verified facts/claims/gaps/conflicts 派生）,phase4_section_derived,industry_monitoring.conclusion_validity,derived_summary,结论有效期,phase4_section_derived,结论有效期,upstream_aspect_coverage | pack_claim_identity | dependency_lineage | conflict_propagation,,er_ind_monitoring,claim,source_policy_v1,CURRENT_AS_OF_WITH_24M_CHANGES,required_body,paragraph,write_not_found,NONE,,,derived_summary,,"{""exclude_display_tiers"": [""diagnostic_only""], ""exclude_producer_kinds"": [""phase4_section_derived""], ""exclude_terminal_states"": [""NOT_APPLICABLE"", ""UNRESOLVED"", ""BLOCKED"", ""UNSUPPORTED""], ""include_sections"": [""industry""]}",CONFIRMED,"CONFIRMED：由 v1 维度「结论有效期」固化，以 derived_summary 形态独立研究，覆盖 ['upstream_aspect_coverage', 'pack_claim_identity', 'dependency_lineage', 'conflict_propagation']，证据 ['er_ind_monitoring']（['external']），主槽位 ind-h9；可独立核验，无需额外业务裁决",,,行业结论有效期与监测指标,结论有效期 | 监测指标,producer_routed,执行归属由 v1 的 harness/workflow 改为 phase4_section_derived：该问 2 个 aspect 由章节派生/Phase5 合成承载，不入 Topic Harness。,结论有效期,结论有效期,以 derived_summary 形态独立研究，required_fields=['结论有效期']，可独立核验/成缺口,"覆盖规则 ['upstream_aspect_coverage', 'pack_claim_identity', 'dependency_lineage', 'conflict_propagation']（producer_kind=phase4_section_derived，集合锚点 无）",不保留 search_audit：普通正向事实或财务/派生/synth，不机械要求检索审计,证据 ['er_ind_monitoring']：evidence_kind=['claim']，source_classes=['external']，minimum_sources=[1],primary:ind-h9,主槽位落在 ind-h9（行业 H2 正文），与 producer_kind=phase4_section_derived 目标 Writer 章节一致
industry,industry_monitoring,industry_monitoring,行业结论有效期与监测指标（由本章 verified facts/claims/gaps/conflicts 派生）,phase4_section_derived,industry_monitoring.monitoring_indicators,derived_summary,监测指标,phase4_section_derived,监测指标,upstream_aspect_coverage | pack_claim_identity | dependency_lineage | conflict_propagation,,er_ind_monitoring,claim,source_policy_v1,CURRENT_AS_OF_WITH_24M_CHANGES,required_body,paragraph,write_not_found,NONE,,,derived_summary,,"{""exclude_display_tiers"": [""diagnostic_only""], ""exclude_producer_kinds"": [""phase4_section_derived""], ""exclude_terminal_states"": [""NOT_APPLICABLE"", ""UNRESOLVED"", ""BLOCKED"", ""UNSUPPORTED""], ""include_sections"": [""industry""]}",CONFIRMED,"CONFIRMED：由 v1 维度「监测指标」固化，以 derived_summary 形态独立研究，覆盖 ['upstream_aspect_coverage', 'pack_claim_identity', 'dependency_lineage', 'conflict_propagation']，证据 ['er_ind_monitoring']（['external']），主槽位 ind-h9；可独立核验，无需额外业务裁决",,,行业结论有效期与监测指标,结论有效期 | 监测指标,producer_routed,执行归属由 v1 的 harness/workflow 改为 phase4_section_derived：该问 2 个 aspect 由章节派生/Phase5 合成承载，不入 Topic Harness。,监测指标,监测指标,以 derived_summary 形态独立研究，required_fields=['监测指标']，可独立核验/成缺口,"覆盖规则 ['upstream_aspect_coverage', 'pack_claim_identity', 'dependency_lineage', 'conflict_propagation']（producer_kind=phase4_section_derived，集合锚点 无）",不保留 search_audit：普通正向事实或财务/派生/synth，不机械要求检索审计,证据 ['er_ind_monitoring']：evidence_kind=['claim']，source_classes=['external']，minimum_sources=[1],primary:ind-h9,主槽位落在 ind-h9（行业 H2 正文），与 producer_kind=phase4_section_derived 目标 Writer 章节一致
synthesizer,synth_scheme_overview,synth_scheme_overview,授信主体、授信类型与用户输入方案概览,phase5_synthesizer,synth_scheme_overview.credit_subject,synthesizer,授信主体,phase5_synthesizer,授信主体,upstream_dependency_coverage | synthesis_lineage | conflict_limitation_propagation,,er_synth_scheme,claim,source_policy_v1,CURRENT_AS_OF_WITH_24M_CHANGES,required_body,paragraph,write_not_found,NONE,,credit_scheme,phase5_synthesizer,,"{""exclude_display_tiers"": [""diagnostic_only""], ""exclude_terminal_states"": [""NOT_APPLICABLE"", ""UNRESOLVED"", ""BLOCKED"", ""UNSUPPORTED""], ""include_sections"": [""company""]}",CONFIRMED,"CONFIRMED：由 v1 维度「授信主体」固化，以 synthesizer 形态独立研究，覆盖 ['upstream_dependency_coverage', 'synthesis_lineage', 'conflict_limitation_propagation']，证据 ['er_synth_scheme']（[]），主槽位 phase5；可独立核验，无需额外业务裁决",,,授信主体、授信类型与用户输入方案概览,授信主体 | 授信类型 | 授信金额与期限 | 增信措施,producer_routed,执行归属由 v1 的 harness/workflow 改为 phase5_synthesizer：该问 4 个 aspect 由章节派生/Phase5 合成承载，不入 Topic Harness。,授信主体,授信主体,以 synthesizer 形态独立研究，required_fields=['授信主体']，可独立核验/成缺口,"覆盖规则 ['upstream_dependency_coverage', 'synthesis_lineage', 'conflict_limitation_propagation']（producer_kind=phase5_synthesizer，集合锚点 无）",不保留 search_audit：普通正向事实或财务/派生/synth，不机械要求检索审计,证据 ['er_synth_scheme']：evidence_kind=['claim']，source_classes=[]，minimum_sources=[0],primary:phase5,主槽位落在 phase5（综合(phase5) H2 正文），与 producer_kind=phase5_synthesizer 目标 Writer 章节一致
synthesizer,synth_scheme_overview,synth_scheme_overview,授信主体、授信类型与用户输入方案概览,phase5_synthesizer,synth_scheme_overview.credit_type,synthesizer,授信类型,phase5_synthesizer,授信类型,upstream_dependency_coverage | synthesis_lineage | conflict_limitation_propagation,,er_synth_scheme,claim,source_policy_v1,CURRENT_AS_OF_WITH_24M_CHANGES,required_body,paragraph,write_not_found,NONE,,credit_scheme,phase5_synthesizer,,,CONFIRMED,"CONFIRMED：由 v1 维度「授信类型」固化，以 synthesizer 形态独立研究，覆盖 ['upstream_dependency_coverage', 'synthesis_lineage', 'conflict_limitation_propagation']，证据 ['er_synth_scheme']（[]），主槽位 phase5；可独立核验，无需额外业务裁决",,,授信主体、授信类型与用户输入方案概览,授信主体 | 授信类型 | 授信金额与期限 | 增信措施,producer_routed,执行归属由 v1 的 harness/workflow 改为 phase5_synthesizer：该问 4 个 aspect 由章节派生/Phase5 合成承载，不入 Topic Harness。,授信类型,授信类型,以 synthesizer 形态独立研究，required_fields=['授信类型']，可独立核验/成缺口,"覆盖规则 ['upstream_dependency_coverage', 'synthesis_lineage', 'conflict_limitation_propagation']（producer_kind=phase5_synthesizer，集合锚点 无）",不保留 search_audit：普通正向事实或财务/派生/synth，不机械要求检索审计,证据 ['er_synth_scheme']：evidence_kind=['claim']，source_classes=[]，minimum_sources=[0],primary:phase5,主槽位落在 phase5（综合(phase5) H2 正文），与 producer_kind=phase5_synthesizer 目标 Writer 章节一致
synthesizer,synth_scheme_overview,synth_scheme_overview,授信主体、授信类型与用户输入方案概览,phase5_synthesizer,synth_scheme_overview.credit_amount_term,synthesizer,授信金额与期限,phase5_synthesizer,授信金额 | 期限,upstream_dependency_coverage | synthesis_lineage | conflict_limitation_propagation,,er_synth_scheme,claim,source_policy_v1,CURRENT_AS_OF_WITH_24M_CHANGES,required_body,paragraph,write_not_found,NONE,,credit_scheme,phase5_synthesizer,,,CONFIRMED,"CONFIRMED：由 v1 维度「授信金额与期限」固化，以 synthesizer 形态独立研究，覆盖 ['upstream_dependency_coverage', 'synthesis_lineage', 'conflict_limitation_propagation']，证据 ['er_synth_scheme']（[]），主槽位 phase5；可独立核验，无需额外业务裁决",,,授信主体、授信类型与用户输入方案概览,授信主体 | 授信类型 | 授信金额与期限 | 增信措施,producer_routed,执行归属由 v1 的 harness/workflow 改为 phase5_synthesizer：该问 4 个 aspect 由章节派生/Phase5 合成承载，不入 Topic Harness。,授信金额与期限,授信金额与期限,"以 synthesizer 形态独立研究，required_fields=['授信金额', '期限']，可独立核验/成缺口","覆盖规则 ['upstream_dependency_coverage', 'synthesis_lineage', 'conflict_limitation_propagation']（producer_kind=phase5_synthesizer，集合锚点 无）",不保留 search_audit：普通正向事实或财务/派生/synth，不机械要求检索审计,证据 ['er_synth_scheme']：evidence_kind=['claim']，source_classes=[]，minimum_sources=[0],primary:phase5,主槽位落在 phase5（综合(phase5) H2 正文），与 producer_kind=phase5_synthesizer 目标 Writer 章节一致
synthesizer,synth_scheme_overview,synth_scheme_overview,授信主体、授信类型与用户输入方案概览,phase5_synthesizer,synth_scheme_overview.credit_enhancement,synthesizer,增信措施,phase5_synthesizer,增信措施,upstream_dependency_coverage | synthesis_lineage | conflict_limitation_propagation,,er_synth_scheme,claim,source_policy_v1,CURRENT_AS_OF_WITH_24M_CHANGES,required_body,paragraph,write_not_found,NONE,,credit_scheme,phase5_synthesizer,,,CONFIRMED,"CONFIRMED：由 v1 维度「增信措施」固化，以 synthesizer 形态独立研究，覆盖 ['upstream_dependency_coverage', 'synthesis_lineage', 'conflict_limitation_propagation']，证据 ['er_synth_scheme']（[]），主槽位 phase5；可独立核验，无需额外业务裁决",,,授信主体、授信类型与用户输入方案概览,授信主体 | 授信类型 | 授信金额与期限 | 增信措施,producer_routed,执行归属由 v1 的 harness/workflow 改为 phase5_synthesizer：该问 4 个 aspect 由章节派生/Phase5 合成承载，不入 Topic Harness。,增信措施,增信措施,以 synthesizer 形态独立研究，required_fields=['增信措施']，可独立核验/成缺口,"覆盖规则 ['upstream_dependency_coverage', 'synthesis_lineage', 'conflict_limitation_propagation']（producer_kind=phase5_synthesizer，集合锚点 无）",不保留 search_audit：普通正向事实或财务/派生/synth，不机械要求检索审计,证据 ['er_synth_scheme']：evidence_kind=['claim']，source_classes=[]，minimum_sources=[0],primary:phase5,主槽位落在 phase5（综合(phase5) H2 正文），与 producer_kind=phase5_synthesizer 目标 Writer 章节一致
synthesizer,synth_strengths,synth_strengths,支持该方案的核心优势,phase5_synthesizer,synth_strengths.supporting_strengths,synthesizer,支持方案的核心优势,phase5_synthesizer,支持方案的核心优势,upstream_dependency_coverage | synthesis_lineage | conflict_limitation_propagation,,er_synth_generic,claim,source_policy_v1,THREE_YEARS_PLUS_LATEST,required_body,paragraph,write_not_found,NONE,,credit_scheme,phase5_synthesizer,,"{""exclude_display_tiers"": [""diagnostic_only""], ""exclude_terminal_states"": [""NOT_APPLICABLE"", ""UNRESOLVED"", ""BLOCKED"", ""UNSUPPORTED""], ""include_sections"": [""company"", ""financial"", ""industry""]}",CONFIRMED,"CONFIRMED：由 v1 维度「支持方案的核心优势」固化，以 synthesizer 形态独立研究，覆盖 ['upstream_dependency_coverage', 'synthesis_lineage', 'conflict_limitation_propagation']，证据 ['er_synth_generic']（[]），主槽位 phase5；可独立核验，无需额外业务裁决",,,支持该方案的核心优势,支持方案的核心优势,producer_routed,执行归属由 v1 的 harness/workflow 改为 phase5_synthesizer：该问 1 个 aspect 由章节派生/Phase5 合成承载，不入 Topic Harness。,支持方案的核心优势,支持方案的核心优势,以 synthesizer 形态独立研究，required_fields=['支持方案的核心优势']，可独立核验/成缺口,"覆盖规则 ['upstream_dependency_coverage', 'synthesis_lineage', 'conflict_limitation_propagation']（producer_kind=phase5_synthesizer，集合锚点 无）",不保留 search_audit：普通正向事实或财务/派生/synth，不机械要求检索审计,证据 ['er_synth_generic']：evidence_kind=['claim']，source_classes=[]，minimum_sources=[0],primary:phase5,主槽位落在 phase5（综合(phase5) H2 正文），与 producer_kind=phase5_synthesizer 目标 Writer 章节一致
synthesizer,synth_risks,synth_risks,该方案面临的核心风险及风险传导,phase5_synthesizer,synth_risks.core_risks,synthesizer,核心风险,phase5_synthesizer,核心风险,upstream_dependency_coverage | synthesis_lineage | conflict_limitation_propagation,,er_synth_generic,claim,source_policy_v1,THREE_YEARS_PLUS_LATEST,required_body,paragraph,write_not_found,NONE,,solvency | credit_scheme,phase5_synthesizer,,"{""exclude_display_tiers"": [""diagnostic_only""], ""exclude_terminal_states"": [""NOT_APPLICABLE"", ""UNRESOLVED"", ""BLOCKED"", ""UNSUPPORTED""], ""include_sections"": [""company"", ""financial"", ""industry""]}",CONFIRMED,"CONFIRMED：由 v1 维度「核心风险」固化，以 synthesizer 形态独立研究，覆盖 ['upstream_dependency_coverage', 'synthesis_lineage', 'conflict_limitation_propagation']，证据 ['er_synth_generic']（[]），主槽位 phase5；可独立核验，无需额外业务裁决",,,该方案面临的核心风险及风险传导,核心风险 | 风险传导,producer_routed,执行归属由 v1 的 harness/workflow 改为 phase5_synthesizer：该问 2 个 aspect 由章节派生/Phase5 合成承载，不入 Topic Harness。,核心风险,核心风险,以 synthesizer 形态独立研究，required_fields=['核心风险']，可独立核验/成缺口,"覆盖规则 ['upstream_dependency_coverage', 'synthesis_lineage', 'conflict_limitation_propagation']（producer_kind=phase5_synthesizer，集合锚点 无）",不保留 search_audit：普通正向事实或财务/派生/synth，不机械要求检索审计,证据 ['er_synth_generic']：evidence_kind=['claim']，source_classes=[]，minimum_sources=[0],primary:phase5,主槽位落在 phase5（综合(phase5) H2 正文），与 producer_kind=phase5_synthesizer 目标 Writer 章节一致
synthesizer,synth_risks,synth_risks,该方案面临的核心风险及风险传导,phase5_synthesizer,synth_risks.risk_transmission,synthesizer,风险传导,phase5_synthesizer,风险传导,upstream_dependency_coverage | synthesis_lineage | conflict_limitation_propagation,,er_synth_generic,claim,source_policy_v1,THREE_YEARS_PLUS_LATEST,required_body,paragraph,write_not_found,NONE,,solvency | credit_scheme,phase5_synthesizer,,"{""exclude_display_tiers"": [""diagnostic_only""], ""exclude_terminal_states"": [""NOT_APPLICABLE"", ""UNRESOLVED"", ""BLOCKED"", ""UNSUPPORTED""], ""include_sections"": [""company"", ""financial"", ""industry""]}",CONFIRMED,"CONFIRMED：由 v1 维度「风险传导」固化，以 synthesizer 形态独立研究，覆盖 ['upstream_dependency_coverage', 'synthesis_lineage', 'conflict_limitation_propagation']，证据 ['er_synth_generic']（[]），主槽位 phase5；可独立核验，无需额外业务裁决",,,该方案面临的核心风险及风险传导,核心风险 | 风险传导,producer_routed,执行归属由 v1 的 harness/workflow 改为 phase5_synthesizer：该问 2 个 aspect 由章节派生/Phase5 合成承载，不入 Topic Harness。,风险传导,风险传导,以 synthesizer 形态独立研究，required_fields=['风险传导']，可独立核验/成缺口,"覆盖规则 ['upstream_dependency_coverage', 'synthesis_lineage', 'conflict_limitation_propagation']（producer_kind=phase5_synthesizer，集合锚点 无）",不保留 search_audit：普通正向事实或财务/派生/synth，不机械要求检索审计,证据 ['er_synth_generic']：evidence_kind=['claim']，source_classes=[]，minimum_sources=[0],primary:phase5,主槽位落在 phase5（综合(phase5) H2 正文），与 producer_kind=phase5_synthesizer 目标 Writer 章节一致
synthesizer,synth_repayment,synth_repayment,第一还款来源与现有增信措施的有效性,phase5_synthesizer,synth_repayment.primary_repayment_source,synthesizer,第一还款来源,phase5_synthesizer,第一还款来源,upstream_dependency_coverage | synthesis_lineage | conflict_limitation_propagation,,er_synth_generic,claim,source_policy_v1,THREE_YEARS_PLUS_LATEST,required_body,paragraph,write_not_found,NONE,,solvency | credit_scheme,phase5_synthesizer,,"{""exclude_display_tiers"": [""diagnostic_only""], ""exclude_terminal_states"": [""NOT_APPLICABLE"", ""UNRESOLVED"", ""BLOCKED"", ""UNSUPPORTED""], ""include_sections"": [""company"", ""financial""]}",CONFIRMED,"CONFIRMED：由 v1 维度「第一还款来源」固化，以 synthesizer 形态独立研究，覆盖 ['upstream_dependency_coverage', 'synthesis_lineage', 'conflict_limitation_propagation']，证据 ['er_synth_generic']（[]），主槽位 phase5；可独立核验，无需额外业务裁决",,,第一还款来源与现有增信措施的有效性,第一还款来源 | 现有增信措施有效性,producer_routed,执行归属由 v1 的 harness/workflow 改为 phase5_synthesizer：该问 2 个 aspect 由章节派生/Phase5 合成承载，不入 Topic Harness。,第一还款来源,第一还款来源,以 synthesizer 形态独立研究，required_fields=['第一还款来源']，可独立核验/成缺口,"覆盖规则 ['upstream_dependency_coverage', 'synthesis_lineage', 'conflict_limitation_propagation']（producer_kind=phase5_synthesizer，集合锚点 无）",不保留 search_audit：普通正向事实或财务/派生/synth，不机械要求检索审计,证据 ['er_synth_generic']：evidence_kind=['claim']，source_classes=[]，minimum_sources=[0],primary:phase5,主槽位落在 phase5（综合(phase5) H2 正文），与 producer_kind=phase5_synthesizer 目标 Writer 章节一致
synthesizer,synth_repayment,synth_repayment,第一还款来源与现有增信措施的有效性,phase5_synthesizer,synth_repayment.credit_enhancement_effectiveness,synthesizer,现有增信措施有效性,phase5_synthesizer,现有增信措施有效性,upstream_dependency_coverage | synthesis_lineage | conflict_limitation_propagation,,er_synth_generic,claim,source_policy_v1,THREE_YEARS_PLUS_LATEST,required_body,paragraph,write_not_found,NONE,,credit_scheme,phase5_synthesizer,,"{""exclude_display_tiers"": [""diagnostic_only""], ""exclude_terminal_states"": [""NOT_APPLICABLE"", ""UNRESOLVED"", ""BLOCKED"", ""UNSUPPORTED""], ""include_sections"": [""company"", ""financial""]}",CONFIRMED,"CONFIRMED：由 v1 维度「现有增信措施有效性」固化，以 synthesizer 形态独立研究，覆盖 ['upstream_dependency_coverage', 'synthesis_lineage', 'conflict_limitation_propagation']，证据 ['er_synth_generic']（[]），主槽位 phase5；可独立核验，无需额外业务裁决",,,第一还款来源与现有增信措施的有效性,第一还款来源 | 现有增信措施有效性,producer_routed,执行归属由 v1 的 harness/workflow 改为 phase5_synthesizer：该问 2 个 aspect 由章节派生/Phase5 合成承载，不入 Topic Harness。,现有增信措施有效性,现有增信措施有效性,以 synthesizer 形态独立研究，required_fields=['现有增信措施有效性']，可独立核验/成缺口,"覆盖规则 ['upstream_dependency_coverage', 'synthesis_lineage', 'conflict_limitation_propagation']（producer_kind=phase5_synthesizer，集合锚点 无）",不保留 search_audit：普通正向事实或财务/派生/synth，不机械要求检索审计,证据 ['er_synth_generic']：evidence_kind=['claim']，source_classes=[]，minimum_sources=[0],primary:phase5,主槽位落在 phase5（综合(phase5) H2 正文），与 producer_kind=phase5_synthesizer 目标 Writer 章节一致
synthesizer,synth_evaluation,synth_evaluation,授信方案的优点、缺点与综合评价,phase5_synthesizer,synth_evaluation.scheme_strengths,synthesizer,方案优点,phase5_synthesizer,方案优点,upstream_dependency_coverage | synthesis_lineage | conflict_limitation_propagation,,er_synth_generic,claim,source_policy_v1,THREE_YEARS_PLUS_LATEST,required_body,paragraph,write_not_found,NONE,,credit_scheme,phase5_synthesizer,,"{""exclude_display_tiers"": [""diagnostic_only""], ""exclude_terminal_states"": [""NOT_APPLICABLE"", ""UNRESOLVED"", ""BLOCKED"", ""UNSUPPORTED""], ""include_sections"": [""company"", ""financial"", ""industry""]}",CONFIRMED,"CONFIRMED：由 v1 维度「方案优点」固化，以 synthesizer 形态独立研究，覆盖 ['upstream_dependency_coverage', 'synthesis_lineage', 'conflict_limitation_propagation']，证据 ['er_synth_generic']（[]），主槽位 phase5；可独立核验，无需额外业务裁决",,,授信方案的优点、缺点与综合评价,方案优点 | 方案缺点 | 综合评价,producer_routed,执行归属由 v1 的 harness/workflow 改为 phase5_synthesizer：该问 3 个 aspect 由章节派生/Phase5 合成承载，不入 Topic Harness。,方案优点,方案优点,以 synthesizer 形态独立研究，required_fields=['方案优点']，可独立核验/成缺口,"覆盖规则 ['upstream_dependency_coverage', 'synthesis_lineage', 'conflict_limitation_propagation']（producer_kind=phase5_synthesizer，集合锚点 无）",不保留 search_audit：普通正向事实或财务/派生/synth，不机械要求检索审计,证据 ['er_synth_generic']：evidence_kind=['claim']，source_classes=[]，minimum_sources=[0],primary:phase5,主槽位落在 phase5（综合(phase5) H2 正文），与 producer_kind=phase5_synthesizer 目标 Writer 章节一致
synthesizer,synth_evaluation,synth_evaluation,授信方案的优点、缺点与综合评价,phase5_synthesizer,synth_evaluation.scheme_weaknesses,synthesizer,方案缺点,phase5_synthesizer,方案缺点,upstream_dependency_coverage | synthesis_lineage | conflict_limitation_propagation,,er_synth_generic,claim,source_policy_v1,THREE_YEARS_PLUS_LATEST,required_body,paragraph,write_not_found,NONE,,credit_scheme,phase5_synthesizer,,"{""exclude_display_tiers"": [""diagnostic_only""], ""exclude_terminal_states"": [""NOT_APPLICABLE"", ""UNRESOLVED"", ""BLOCKED"", ""UNSUPPORTED""], ""include_sections"": [""company"", ""financial"", ""industry""]}",CONFIRMED,"CONFIRMED：由 v1 维度「方案缺点」固化，以 synthesizer 形态独立研究，覆盖 ['upstream_dependency_coverage', 'synthesis_lineage', 'conflict_limitation_propagation']，证据 ['er_synth_generic']（[]），主槽位 phase5；可独立核验，无需额外业务裁决",,,授信方案的优点、缺点与综合评价,方案优点 | 方案缺点 | 综合评价,producer_routed,执行归属由 v1 的 harness/workflow 改为 phase5_synthesizer：该问 3 个 aspect 由章节派生/Phase5 合成承载，不入 Topic Harness。,方案缺点,方案缺点,以 synthesizer 形态独立研究，required_fields=['方案缺点']，可独立核验/成缺口,"覆盖规则 ['upstream_dependency_coverage', 'synthesis_lineage', 'conflict_limitation_propagation']（producer_kind=phase5_synthesizer，集合锚点 无）",不保留 search_audit：普通正向事实或财务/派生/synth，不机械要求检索审计,证据 ['er_synth_generic']：evidence_kind=['claim']，source_classes=[]，minimum_sources=[0],primary:phase5,主槽位落在 phase5（综合(phase5) H2 正文），与 producer_kind=phase5_synthesizer 目标 Writer 章节一致
synthesizer,synth_evaluation,synth_evaluation,授信方案的优点、缺点与综合评价,phase5_synthesizer,synth_evaluation.comprehensive_evaluation,synthesizer,综合评价,phase5_synthesizer,综合评价,upstream_dependency_coverage | synthesis_lineage | conflict_limitation_propagation,,er_synth_generic,claim,source_policy_v1,THREE_YEARS_PLUS_LATEST,required_body,paragraph,write_not_found,NONE,,credit_scheme,phase5_synthesizer,,"{""exclude_display_tiers"": [""diagnostic_only""], ""exclude_terminal_states"": [""NOT_APPLICABLE"", ""UNRESOLVED"", ""BLOCKED"", ""UNSUPPORTED""], ""include_sections"": [""company"", ""financial"", ""industry""]}",CONFIRMED,"CONFIRMED：由 v1 维度「综合评价」固化，以 synthesizer 形态独立研究，覆盖 ['upstream_dependency_coverage', 'synthesis_lineage', 'conflict_limitation_propagation']，证据 ['er_synth_generic']（[]），主槽位 phase5；可独立核验，无需额外业务裁决",,,授信方案的优点、缺点与综合评价,方案优点 | 方案缺点 | 综合评价,producer_routed,执行归属由 v1 的 harness/workflow 改为 phase5_synthesizer：该问 3 个 aspect 由章节派生/Phase5 合成承载，不入 Topic Harness。,综合评价,综合评价,以 synthesizer 形态独立研究，required_fields=['综合评价']，可独立核验/成缺口,"覆盖规则 ['upstream_dependency_coverage', 'synthesis_lineage', 'conflict_limitation_propagation']（producer_kind=phase5_synthesizer，集合锚点 无）",不保留 search_audit：普通正向事实或财务/派生/synth，不机械要求检索审计,证据 ['er_synth_generic']：evidence_kind=['claim']，source_classes=[]，minimum_sources=[0],primary:phase5,主槽位落在 phase5（综合(phase5) H2 正文），与 producer_kind=phase5_synthesizer 目标 Writer 章节一致
synthesizer,synth_mismatch,synth_mismatch,若方案明显不合理，指出具体不匹配项及依据；否则不主动改写额度、期限和增信措施,phase5_synthesizer,synth_mismatch.specific_mismatch_items,synthesizer,明显不合理时的具体不匹配项及依据,phase5_synthesizer,不匹配项及依据,upstream_dependency_coverage | synthesis_lineage | conflict_limitation_propagation | applicability,,er_synth_generic,claim,source_policy_v1,THREE_YEARS_PLUS_LATEST,required_body,paragraph,write_not_found,NONE,not_applicable_no_plan,credit_scheme,phase5_synthesizer,,"{""exclude_display_tiers"": [""diagnostic_only""], ""exclude_terminal_states"": [""NOT_APPLICABLE"", ""UNRESOLVED"", ""BLOCKED"", ""UNSUPPORTED""], ""include_sections"": [""company"", ""financial"", ""industry""]}",CONFIRMED,"CONFIRMED：由 v1 维度「明显不合理时的具体不匹配项及依据」固化，以 synthesizer 形态独立研究，覆盖 ['upstream_dependency_coverage', 'synthesis_lineage', 'conflict_limitation_propagation', 'applicability']，证据 ['er_synth_generic']（[]），主槽位 phase5；可独立核验，无需额外业务裁决",,,若方案明显不合理，指出具体不匹配项及依据；否则不主动改写额度、期限和增信措施,明显不合理时的具体不匹配项及依据,producer_routed,执行归属由 v1 的 harness/workflow 改为 phase5_synthesizer：该问 1 个 aspect 由章节派生/Phase5 合成承载，不入 Topic Harness。,明显不合理时的具体不匹配项及依据,明显不合理时的具体不匹配项及依据,以 synthesizer 形态独立研究，required_fields=['不匹配项及依据']，可独立核验/成缺口,"覆盖规则 ['upstream_dependency_coverage', 'synthesis_lineage', 'conflict_limitation_propagation', 'applicability']（producer_kind=phase5_synthesizer，集合锚点 无）",不保留 search_audit：普通正向事实或财务/派生/synth，不机械要求检索审计,证据 ['er_synth_generic']：evidence_kind=['claim']，source_classes=[]，minimum_sources=[0],primary:phase5,主槽位落在 phase5（综合(phase5) H2 正文），与 producer_kind=phase5_synthesizer 目标 Writer 章节一致
synthesizer,synth_unresolved,synth_unresolved,仍未解决的信息缺口和需人工确认事项,phase5_synthesizer,synth_unresolved.unresolved_info_gaps,synthesizer,未解决信息缺口,phase5_synthesizer,未解决信息缺口,upstream_dependency_coverage | synthesis_lineage | conflict_limitation_propagation,,er_synth_generic,claim,source_policy_v1,THREE_YEARS_PLUS_LATEST,required_body,paragraph,write_not_found,NONE,,,phase5_synthesizer,,"{""exclude_display_tiers"": [""diagnostic_only""], ""exclude_terminal_states"": [""NOT_APPLICABLE"", ""UNRESOLVED"", ""BLOCKED"", ""UNSUPPORTED""], ""include_sections"": [""company"", ""financial"", ""industry""]}",CONFIRMED,"CONFIRMED：由 v1 维度「未解决信息缺口」固化，以 synthesizer 形态独立研究，覆盖 ['upstream_dependency_coverage', 'synthesis_lineage', 'conflict_limitation_propagation']，证据 ['er_synth_generic']（[]），主槽位 phase5；可独立核验，无需额外业务裁决",,,仍未解决的信息缺口和需人工确认事项,未解决信息缺口 | 需人工确认事项,producer_routed,执行归属由 v1 的 harness/workflow 改为 phase5_synthesizer：该问 2 个 aspect 由章节派生/Phase5 合成承载，不入 Topic Harness。,未解决信息缺口,未解决信息缺口,以 synthesizer 形态独立研究，required_fields=['未解决信息缺口']，可独立核验/成缺口,"覆盖规则 ['upstream_dependency_coverage', 'synthesis_lineage', 'conflict_limitation_propagation']（producer_kind=phase5_synthesizer，集合锚点 无）",不保留 search_audit：普通正向事实或财务/派生/synth，不机械要求检索审计,证据 ['er_synth_generic']：evidence_kind=['claim']，source_classes=[]，minimum_sources=[0],primary:phase5,主槽位落在 phase5（综合(phase5) H2 正文），与 producer_kind=phase5_synthesizer 目标 Writer 章节一致
synthesizer,synth_unresolved,synth_unresolved,仍未解决的信息缺口和需人工确认事项,phase5_synthesizer,synth_unresolved.human_confirmation_items,synthesizer,需人工确认事项,phase5_synthesizer,需人工确认事项,upstream_dependency_coverage | synthesis_lineage | conflict_limitation_propagation,,er_synth_generic,claim,source_policy_v1,THREE_YEARS_PLUS_LATEST,required_body,paragraph,write_not_found,NONE,,,phase5_synthesizer,,"{""exclude_display_tiers"": [""diagnostic_only""], ""exclude_terminal_states"": [""NOT_APPLICABLE"", ""UNRESOLVED"", ""BLOCKED"", ""UNSUPPORTED""], ""include_sections"": [""company"", ""financial"", ""industry""]}",CONFIRMED,"CONFIRMED：由 v1 维度「需人工确认事项」固化，以 synthesizer 形态独立研究，覆盖 ['upstream_dependency_coverage', 'synthesis_lineage', 'conflict_limitation_propagation']，证据 ['er_synth_generic']（[]），主槽位 phase5；可独立核验，无需额外业务裁决",,,仍未解决的信息缺口和需人工确认事项,未解决信息缺口 | 需人工确认事项,producer_routed,执行归属由 v1 的 harness/workflow 改为 phase5_synthesizer：该问 2 个 aspect 由章节派生/Phase5 合成承载，不入 Topic Harness。,需人工确认事项,需人工确认事项,以 synthesizer 形态独立研究，required_fields=['需人工确认事项']，可独立核验/成缺口,"覆盖规则 ['upstream_dependency_coverage', 'synthesis_lineage', 'conflict_limitation_propagation']（producer_kind=phase5_synthesizer，集合锚点 无）",不保留 search_audit：普通正向事实或财务/派生/synth，不机械要求检索审计,证据 ['er_synth_generic']：evidence_kind=['claim']，source_classes=[]，minimum_sources=[0],primary:phase5,主槽位落在 phase5（综合(phase5) H2 正文），与 producer_kind=phase5_synthesizer 目标 Writer 章节一致
synthesizer,synth_disclaimer,synth_disclaimer,明确声明“本评价由 AI 生成，仅供参考”,phase5_synthesizer,synth_disclaimer.ai_disclaimer,synthesizer,AI生成声明,phase5_synthesizer,AI生成声明,upstream_dependency_coverage | synthesis_lineage | conflict_limitation_propagation,,er_synth_generic,claim,source_policy_v1,CURRENT_AS_OF_WITH_24M_CHANGES,required_body,paragraph,write_not_found,NONE,,,phase5_synthesizer,,,CONFIRMED,"CONFIRMED：由 v1 维度「AI生成声明」固化，以 synthesizer 形态独立研究，覆盖 ['upstream_dependency_coverage', 'synthesis_lineage', 'conflict_limitation_propagation']，证据 ['er_synth_generic']（[]），主槽位 phase5；可独立核验，无需额外业务裁决",,,明确声明“本评价由 AI 生成，仅供参考”,AI生成声明,producer_routed,执行归属由 v1 的 harness/workflow 改为 phase5_synthesizer：该问 1 个 aspect 由章节派生/Phase5 合成承载，不入 Topic Harness。,AI生成声明,AI生成声明,以 synthesizer 形态独立研究，required_fields=['AI生成声明']，可独立核验/成缺口,"覆盖规则 ['upstream_dependency_coverage', 'synthesis_lineage', 'conflict_limitation_propagation']（producer_kind=phase5_synthesizer，集合锚点 无）",不保留 search_audit：普通正向事实或财务/派生/synth，不机械要求检索审计,证据 ['er_synth_generic']：evidence_kind=['claim']，source_classes=[]，minimum_sources=[0],primary:phase5,主槽位落在 phase5（综合(phase5) H2 正文），与 producer_kind=phase5_synthesizer 目标 Writer 章节一致
